絶縁体に加える電圧がある値を超えたときに、急激に大きな電流が流れる現象を何というでしょう？,絶縁破壊,
墨汁に加えるにかわのように、疏水コロイドを安定化させるために加える親水コロイドのことを何というでしょう？,保護コロイド,
「鍵と鍵穴」の関係で説明されることが多い、酵素が特定の物質としか反応しない性質を何というでしょう？,基質特異性,
教科書を執筆するなかで元素の周期律を発見した、ロシアの化学者は誰でしょう？,ドミトリー・メンデレーエフ,
白金触媒でアンモニアを酸化させることで硝酸を製造する方法を、考案したドイツ人化学者の名から何というでしょう？,オストワルト法,
生体内では酵素がこの役割を担う、自身は変化せずに化学反応の速度を変化させる物質を何というでしょう？,触媒,
化学結合の中でも、片方の原子だけが電子対を提供するものを「何結合」というでしょう？,配位結合,
発生する気体の圧力を利用していつでも反応を止められる、３つのガラス容器を組み合わせた気体発生装置は何でしょう？,キップの装置,
正反応と逆反応の速度が一致し、見かけ上反応が止まって見える状態を何というでしょう？,化学平衡,
ニッケルとチタンの合金に代表される、変形しても加熱することで元の形に戻る合金を何というでしょう？,形状記憶合金,
一連の化学反応の中で、最も進行が遅く、全体の反応速度を決めている段階のことを「何段階」というでしょう？,律速段階,
自らも患っていた色覚異常の研究でも知られる、化合物における倍数比例の法則を発見したイギリスの化学者は誰でしょう？,ジョン・ドルトン,
「全ての気体は同温・同圧のもとでは同じ数の分子を含む」という法則を、提唱者の名前から「誰の法則」というでしょう？,アボガドロの法則,
使っていなかったボールペンのグリップがベタつく原因でもある、化合物に水が作用して起こる化学反応を何というでしょう？,加水分解,
果実の成熟を促進させるはたらきがある、分子式C2H4で表される無色の気体は何でしょう？,エチレン,
オレイン酸やリノール酸など、炭素同士の間に二重結合をもつ脂肪酸のことを、特に「何脂肪酸」というでしょう？,不飽和脂肪酸,
水に溶けにくく空気より重い気体を集める時に利用する、気体の捕集法は何でしょう？,水上置換法,
軽量ながら高い強度を誇り、金属バットや航空機などに利用されている、アルミニウム合金の一種は何でしょう？,ジュラルミン,
精錬する際に膨大な電気を必要とし「電気の缶詰」ともよばれる、1円玉などに用いられている金属は何でしょう？,アルミニウム,
周期表右上の元素ほど大きい傾向にある、化学結合している原子が電子を引き付ける能力の尺度を何というでしょう？,電気陰性度,
メガネやアクセサリーの洗浄などにも利用されている、人間の耳には聞こえない高い周波数の音を何というでしょう？,超音波,
構造式ではアスタリスクを付けて表される、4つの異なる原子や原子団が結合している炭素原子を何というでしょう？,不斉（ふせい）炭素原子,
「2つの電荷の間に働く力の大きさは、両方が持つ電気量の積に比例し、距離の2乗に反比例する」という物理法則を何というでしょう？,クーロンの法則,
「一定温度の下では気体の体積は圧力に反比例する」という法則を、発見したイギリス人化学者の名から「何の法則」というでしょう？,ボイルの法則,
「理想気体の体積は圧力に反比例し、絶対温度に比例する」という熱力学上の法則を、発見した2人の物理学者の名前から何というでしょう？,ボイル・シャルルの法則,
素焼きの陶器などが使われる、化学実験において、突沸を防ぐために容器に入れる物体を何というでしょう？,沸騰石,
ポリエチレンやポリ塩化ビニルなど、熱を加えると軟らかくなる性質をもつ樹脂を何というでしょう？,熱可塑性樹脂（ねつかそせいじゅし）,
水などの溶媒に溶けたとき、陽イオンと陰イオンに分かれて電気伝導性を持つ物質を何というでしょう？,電解質,
「希薄溶液の浸透圧は溶液のモル濃度や絶対温度に比例する」ことを説明した法則を、発見した化学者の名から「何の法則」というでしょう？,ファントホッフの法則,
「フロンティア電子軌道理論」の提唱により、1981年日本人として初めてノーベル化学賞を受賞した化学者は誰でしょう？,福井謙一（ふくい・けんいち）,
融雪剤で雪が溶ける原理になっている、液体に他の物質を溶かすと固体になる温度が下がる現象を何というでしょう？,凝固点降下,
温度による溶解度の差を利用して、溶液に溶けた混合物から純粋な物質を取り出す操作は何でしょう？,再結晶,
ユリア樹脂やメラミン樹脂など、熱を加えると硬くなる性質をもつ樹脂のことを何というでしょう？,熱硬化性樹脂,
化学肥料の大量生産を可能にしたため「空気からパンを作る方法」と形容される、鉄触媒を用いたアンモニアの工業的製法は何でしょう？,ハーバー・ボッシュ法,
高い抗酸化力を持ち化粧品にも配合されている、サッカーボール状の構造を持つ炭素の同素体は何でしょう？,フラーレン,
ベンゼンの水素原子１つをメチル基に置換した構造をもつ、有機溶剤として広く用いられる化合物は何でしょう？,トルエン,"アミノ基に置換→アニリン（染料のインディゴから発見）
カルボキシ基に置換→安息香酸（あんそくこうさん）
ヒドロキシ基に置換→フェノール"
狭心症の治療薬としても用いられる、無煙火薬やダイナマイトの原料となる化合物は何でしょう？,ニトログリセリン,
比熱と質量の積で求められる、ある物体の温度を１℃上昇させるのに必要な熱量のことを何というでしょう？,熱容量,
「一つの原子や電子について、位置と運動量を同時に正確に測定することはできない」という量子力学の基本原理は何でしょう？,不確定性原理,
パリのパンテオンで巨大な振り子を用いた実験を行い、地球が自転していることを証明したフランスの物理学者は誰でしょう？,レオン・フーコー,
磁場の中を運動する荷電粒子にはたらく力のことを、オランダの物理学者の名前から何というでしょう？,ローレンツ力,
「バネの伸びはバネを引く力の大きさに比例する」という法則を、発見者の名前から「何の法則」というでしょう？,フックの法則,
質量が変わらないようピンセットで取り扱う、天秤で質量を測る際に用いる重りは何でしょう？,分銅,
「電磁誘導によって流れる電流は、変化した磁束を打ち消す向きに働く」という法則を、発見者の名から何というでしょう？,レンツの法則,
物体が摩擦や空気抵抗を受けずに、重力のはたらきだけを受けて落下することを、漢字４字の言葉で何というでしょう？,自由落下,
周波数がわずかに異なる２つの音波が重なったとき、音の強弱が周期的に変化する現象を何というでしょう？,うなり,
明るい場所では赤色が、暗い場所では青色が見えやすくなるという現象を、発見したチェコの生理学者の名から何というでしょう？,プルキニエ現象,
加速度運動をしていた物体が摩擦抵抗などを受けて、最終的に一定になったときの速度を何というでしょう？,終端速度,
物体に力を加えていったとき、限度を超えて形状が元に戻らなくなるときの力の大きさを何というでしょう？,降伏点,
水銀を用いた実験で真空を作り出し、大気圧の大きさを測定した、17世紀イタリアの物理学者は誰でしょう？,エヴァンジェリスタ・トリチェリ,
「地上に太陽を作る研究」と紹介される、原子核同士を衝突させて得たエネルギーを利用する新しい発電方法は何でしょう？,核融合発電,
永久磁石のKS鋼や新KS鋼を発明した、明治から昭和にかけて活躍した日本の物理学者は誰でしょう？,本田光太郎（ほんだ・こうたろう）,
物理学の「力学的エネルギー」のもととなる２つの力とは、位置エネルギーと何でしょう？,運動エネルギー,
質量の単位であるキログラムの定義に用いられる、量子力学を特徴づけている物理定数は何でしょう？,プランク定数,
異なる金属を接合して電流を流すと温度差が発生するという物理学の現象を何というでしょう？,ゼーベック効果,
紙やかき氷が白く見える原因である、凹凸のある面に光が当たった時、さまざまな方向に反射する現象を何というでしょう？,乱反射,
鏡と歯車を利用して光の速さを初めて実験で測定した、フランスの物理学者は誰でしょう？,アルマン・フィゾー,
「反応熱の大きさは、反応経路によらず、反応の最初と最後の状態で決まる」という熱力学の法則を何というでしょう？,ヘスの法則,
流体中の物体には、物体が押しのけた分の浮力がはたらくという原理のことを、発見した古代ギリシャの数学者から何というでしょう？,アルキメデスの原理,
「回路上のある一点に流れ込む電流の総和と、そこから流れ出る電流の総和は等しい」という法則を何というでしょう？,キルヒホッフの（第一）法則,
金属に繰り返し外力が加わることで、無数の微小な亀裂が入り劣化してしまう現象を何というでしょう？,金属疲労,
常温下での実現を目指して研究が進められている、特定の条件下で物質の電気抵抗が０になる現象を何というでしょう？,超伝導,
紙１枚で遮られるほど透過力が小さい、陽子２個と中性子２個からなるヘリウム原子核の粒子線は何でしょう？,α線,
物体にX線を照射した際、散乱したX線の波長が元の波長より長くなる現象を何というでしょう？,コンプトン効果,
流体力学の基礎となる粘性を考慮した流体の運動方程式を、同時期に導出した二人の科学者から何というでしょう？,ナビエ・ストークスの方程式,
電気を帯びた物体が近づくと、導体の内部で電荷の偏りが生じる現象を何というでしょう？,静電誘導,
物体の回転運動の速さを、単位時間あたりの回転速度で表した物理量を何というでしょう？,角速度,
物体の回転運動を引き起こす、大きさが同じで平行かつ反対向きの２つの力を何というでしょう？,偶力,
正極に銅、負極に亜鉛、電解液に希硫酸を用いた一次電池を、考案したイタリアの物理学者の名から何というでしょう？,ボルタ電池,
ヤモリが壁に張り付いていられる理由である、オランダの物理学者の名を冠した、２つの分子間で働く弱い引力を何というでしょう？,ファンデルワールス力,
複数の波が重なり合うとき、互いの波が強めあったり弱めあったりする現象を何というでしょう？,干渉,
「導体に流れる電流の大きさは電圧の大きさに比例する」という、電磁気学における法則を何というでしょう？,オームの法則,
生物学において、条件が人為的にコントロールされた試験管の中での実験であることを指す、ラテン語由来の言葉は何でしょう？,invitro（イン・ビトロ）,
リン酸、糖、塩基が結合した構造を取っている、DNAやRNAの基本単位である物質は何でしょう？,ヌクレオチド,
グラナやストロマなどの構造からなる、植物の細胞内にある光合成を行う小器官は何でしょう？,葉緑体,
修道士を務めるかたわらエンドウを用いた研究を行い、遺伝に関する有名な法則を発見した19世紀の生物学者は誰でしょう？,グレゴール・メンデル,
フグが毒を持つ理由でもある、食物連鎖の過程で化学物質が上位捕食者の体内に蓄積されていく現象を何というでしょう？,生物濃縮,
個体群を維持するために特定の広い生育環境を必要とする生物種のことを何というでしょう？,アンブレラ種,
好中球やマクロファージが行う、取り込んだ異物を分解して排除する自然免疫の一種は何でしょう？,食作用,
冬場に休眠している植物の芽に着目し、植物の生活形を提唱した、デンマークの植物学者は誰でしょう？,クリステン・ラウンケル,
ゴールデン、ロボロフスキー、ジャンガリアンといえば、ペットとして人気のどんな動物の種類でしょう？,ハムスター,
タンパク質を構成するアミノ酸の中でも、人が体内で作ることのできないものを総称して何というでしょう？,必須アミノ酸,
生物が自らの内部環境を一定の状態に保ち続けようとする性質のことを何というでしょう？,ホメオスタシス,
カゲロウの観察から「棲（す）み分け理論」を提唱した、日本における霊長類学を創始した生物学者は誰でしょう？,今西錦司（いまにし・きんじ）,
生物の名前を属名と種名で表す「二名法」を考案した、著書『自然の体系』で知られるスウェーデンの生物学者は誰でしょう？,カール・フォン・リンネ,
ホトトギスやカッコウにみられる、他の鳥の巣に卵を産み、ひなを育てさせる習性を何というでしょう？,托卵（たくらん）,
オタマジャクシのしっぽがなくなる過程などにみられる、遺伝的にプログラムされた細胞の死のことを何というでしょう？,アポトーシス,
すり鉢状の穴を作って中に落ちた昆虫を捕食する、ウスバカゲロウの幼虫の通称は何でしょう？,アリジゴク,
イルカや渡り鳥が行う、外部環境に常に注意を払うため大脳を左右交互に眠らせる睡眠方法を何というでしょう？,半球睡眠,
オオマツヨイグサを用いた研究結果に基づき、生物の突然変異説を提唱した、オランダの植物学者は誰でしょう？,ユーゴー・ド・フリース,
ヒトデやラッコのように、個体数は少ないが生態系を支えるために不可欠な生物種を何というでしょう？,キーストーン種,
主に葉の気孔で行われる、植物が内部の水を水蒸気として排出する現象は何でしょう？,蒸散,
生物の進化の過程において、存在が予測されるものの化石が発見されていない部分のことを何というでしょう？,ミッシングリンク,
大量調理された食品で発生しやすく「給食菌」とも呼ばれる、食中毒の原因となる細菌は何でしょう？,ウェルシュ菌,
裸子植物ではむき出しになっている、成長すると種子になる植物の器官は何でしょう？,胚珠,
アゾトバクターや根粒（こんりゅう）菌が担う、大気中の窒素からアンモニウムイオンを作るはたらきを何というでしょう？,窒素固定,
腸内からとれる「アンバーグリス」という香料は高値で取引される、クジラの一種は何でしょう？,マッコウクジラ,
ミオシンやキネシンなど、ATPの分解で得たエネルギーで細胞内の物質輸送などをおこなうタンパク質を何というでしょう？,モータータンパク質,
生物の分類において、「門」の1つ下、「目（もく）」の1つ上にあたる分類の階級は何でしょう？,綱（こう）,
ミミズに関する研究でも知られる、自然淘汰を説いた著書『種の起源』を著した生物学者は誰でしょう？,チャールズ・ダーウィン,
イルカやコウモリなどが行う、超音波を用いて物体の位置や大きさを割り出すことを何というでしょう？,エコーロケーション,
背中の斑点模様がある着物の柄に似ていることから名付けられた、世界最大の魚類であるサメは何でしょう？,ジンベエザメ,
乳児に蜂蜜を食べさせてはいけない原因である、自然界で最も強い毒素を作るとされる菌は何でしょう？,ボツリヌス菌,
心臓部分には一等星のアンタレスが輝く、オリオン座が沈むと現れる夏の星座は何でしょう？,さそり座,
秋の夜空にぽつんと輝くことから「南の一つ星」の異名を取る、みなみのうお座のα星は何でしょう？,フォーマルハウト,
「重なりあう複数の地層において、上の地層は下の地層よりも新しい」という、地質学における基本的な法則は何でしょう？,地層累重の法則,
宇宙を構成する成分の７割ほどを占める、宇宙の膨張を加速させる謎のエネルギーを何というでしょう？,ダークエネルギー,
宇宙を構成する成分の３割ほどを占める、質量をもたない暗黒物質を何というでしょう？,ダークマター,
三葉虫やアンモナイトの化石のように、地層が堆積した年代を知る手がかりとなる化石を何というでしょう？,示準化石,
地球上でオーロラが発生する要因となっている、太陽から吹き出すプラズマの流れのことを何というでしょう？,太陽風,
師匠のティコ・ブラーエが残したデータをもとに、惑星運動に関する３つの法則を発見した天文学者は誰でしょう？,ヨハネス・ケプラー,
東西が逆の方位磁石に、水準器と傾斜計が備わった、地層や断層の傾きを測定する道具を何というでしょう？,クリノメーター,
およそ11年の周期で増減を繰り返している、太陽の表面に見られる斑点を何というでしょう？,黒点,
火山噴火の際にマグマの塊が冷えてできる小さなガラス質の粒のことを、ハワイ神話の女神の名前から「何の涙」というでしょう？,ペレーの涙,
地球内部の地殻とマントルの境界面のことを、発見者であるクロアチアの地震学者の名前から何というでしょう？,モホロビチッチ不連続面,
地球内部の地殻を２つに分けたときの境界のことをなんというでしょう？,コンラッド不連続面,
地球内部のマントルと外核の境界面のことをなんというでしょう？,グーテンベルク不連続面,
地球内部の外核と内核の境界面のことをなんというでしょう？,レーマン不連続面,
惑星や衛星が破壊されずに主星に近づくことができる限界の距離のことを、フランスの天文学者の名から何というでしょう？,ロッシュ限界,
宇宙探査機が惑星の遠心力を利用して、加速・方向転換をする技術を何というでしょう？,スイングバイ,
過去の地質現象も現在と同じ原理で解釈できるとする、地質学における学説は何でしょう？,斉一説（せいいつせつ）,
かに星雲の中心にあるものが有名な、一定の周期で電波やX線を発する天体を何というでしょう？,パルサー,
地震の規模を表すマグニチュードの値が２大きくなると、そのエネルギーは何倍になるでしょう？,1000倍,
冬の日本に西高東低（せいこうとうてい）の気圧配置をもたらす、ユーラシア大陸北東部で発達する冷たく乾燥した気団は何でしょう？,シベリア気団,
天王星や海王星といった惑星が青白く見えるのは、大気中に含まれる何という物質が原因でしょう？,メタン,
長野県の和田峠などが産地として知られる、先史時代に石器として利用された、光沢のあるガラス質の岩石は何でしょう？,黒曜石,
黄色く縁取りされた表紙がトレードマークとなっている、1888年の創刊以来、地球の素顔に迫ってきた月刊誌は何でしょう？,『ナショナル・ジオグラフィック』,赤く縁取り→『Newton』
地球内部の流体が対流することによる相互作用で、地球に磁場が生まれているとする学説を何というでしょう？,ダイナモ理論,
震央からの距離と地震波が届くまでの時間の関係を示したグラフのことを、「何曲線」というでしょう？,走時曲線,
地球表層部で起きる地震や造山運動といった現象をプレートの水平運動で説明する理論を何というでしょう？,プレートテクトニクス,
よく火山灰層などが選ばれる、離れた地層を比較する際に分析の手がかりとなる層を何というでしょう？,鍵層,
風が弱く晴れた夜に起こりやすい、地表面から熱が放出され、周囲の気温が下がる現象のことを何というでしょう？,放射冷却,
死の直前に刊行した著書『天球の回転について』の中で地動説を主張した、ポーランドの天文学者は誰でしょう？,コペルニクス,
ペルセウス座のアルゴルやくじら座のミラに代表される、見かけ上の明るさが変化する星のことを何というでしょう？,変光星,
誕生して間もない地球に火星ほどの大きさの天体が衝突し、飛び散った物質により月が形成されたとする学説を何というでしょう？,ジャイアント・インパクト説,
体内に潜んだ水ぼうそうと同じウイルスによって引き起こされ、赤い斑点や小さな水ぶくれがあらわれる皮膚の病気は何でしょう？,帯状疱疹（たいじょうほうしん）,
アルファベットのSを横倒しにしたような記号で表される、一方を拡大または縮小すると合同になるような２つの図形の関係を何というでしょう？,相似,
基礎物理学、生命科学、数学の３部門がある、IT界の巨人たちが共同で創設した学術賞は何でしょう？,ブレークスルー賞,
「思想・芸術部門」「基礎科学部門」「先端技術部門」からなる、毎年稲盛財団が授与する賞は何でしょう？,京都賞,
秋雨前線や梅雨（ばいう）前線のように、ほとんど動かない前線のことを何というでしょう？,停滞前線,
システムや設備のトラブルに備え、同じ機能をもつ予備を同時に稼働させておくことを「何化」というでしょう？,冗長化,
証明法の対角線論法を生み出した、19世紀に集合論を創始したドイツの数学者は誰でしょう？,ゲオルク・カントール,
眼圧の上昇によって視神経が圧迫されて起こる、わが国で失明原因の第１位を占める病気は何でしょう？,緑内障,
海藻などのはたらきによって海洋生態系に吸収された二酸化炭素のことを、ある色を用いて何というでしょう？,ブルーカーボン,
タブレット端末でタッチペンを使うとき、画面に手や指などが触れても認識しないようにする機能を何というでしょう？,パームリジェクション,
コンピュータプログラムにミスや欠陥がないかを調べ、それらを修正する作業のことを何というでしょう？,デバッグ,
「113分の355」や「7分の22」といった分数が近似値として用いられることもある、「円の直径に対する円周の長さの比」のことを何というでしょう？,円周率,
大航海時代には船乗りたちの命を奪った、ビタミンCの不足によって起こる病気は何でしょう？,壊血（かいけつ）病,
スピーカーやマイクなどの機器が、特定の方向のみに対して高い感度を示す性質を何というでしょう？,指向性,
スピーカーから出た音をマイクが再び拾うことで、金属音に似た不快な音が発生する現象を何というでしょう？,ハウリング,
あらゆる自然科学の基礎的なデータが網羅されている、国立天文台が編纂するガイドブックは何でしょう？,理科年表,
数学で、数列や関数が一定の値に限りなく近づいていくことを、「発散」に対して何というでしょう？,収束,
三角形の各辺の長さから面積を求める公式を、証明した古代ギリシャの学者の名前から「何の公式」というでしょう？,ヘロンの公式,
情報量の単位で、１バイトは何ビットと定義されているでしょう？,８ビット,
腎不全などに陥った患者に対し、人工的なフィルターを用いて血液中の老廃物を浄化する治療を何というでしょう？,人工透析,
複数の薬を組み合わせて投与する治療法のことを、お酒にたとえて「何療法」というでしょう？,カクテル療法,
精神障害の一種・双極性障害で、気分が落ち込んだ状態を「うつ状態」といいますが、気分が異常に高揚した状態を何というでしょう？,躁（そう）状態,
災害時の避難生活でよく発症する、同じ姿勢を長時間とることで血管が詰まってしまう病気を何というでしょう？,エコノミークラス症候群,
ガレノスの学説を否定し、17世紀に血液循環の理論を解明したイギリスの医師は誰でしょう？,ウィリアム・ハーヴェー,
超音波や放射線などを使って、物を壊すことなくその欠陥を調べ出す検査技術を何というでしょう？,非破壊検査,
新しい記憶を一時的に保存する役割をもつ、タツノオトシゴのような形をした人間の脳の部位を何というでしょう？,海馬,
皮下出血のように、生きている体にのみ起こる反応を法医学の用語で何というでしょう？,生活反応,
検索結果の上位に自身のWebサイトが表示されるよう最適化することを、アルファベット３文字で何というでしょう？,SEO,
「雑草という草はない」という言葉を残した、生涯に1500種以上の新品種を発見し「日本植物学の父」と称される植物学者は誰でしょう？,牧野富太郎,
pHやマグニチュードの算出に用いられる、10を底とする対数を何というでしょう？,常用対数,
乱数を用いた試行を繰り返し行うことで確率論的な事象の推定を行う、ヨーロッパの都市名が冠された数値計算の手法は何でしょう？,モンテカルロ法,
コンピューターをネットワークに接続せず、それ自体がもつ機能だけで単独に使うことを、「孤独な」という意味の英語から何というでしょう？,スタンドアローン,
時間的に変化する電気信号を測定し、波形を画面に表示させる装置を何というでしょう？,オシロスコープ,
すべての命題は真または偽のいずれかであるとする、論理学における根本原理を何というでしょう？,排中律（はいちゅうりつ）,
電気回路に過剰な電流が流れたとき、熱で溶けて回路を遮断する部品を何というでしょう？,ヒューズ,
近代計算機の原型を作った功績で知られる、自然対数の底に名を残す数学者は誰でしょう？,ジョン・ネイピア,
細胞を材料に臓器を作製する再生医療分野への応用も進む、3次元データをもとに素材を積み上げて立体物を作り上げる機械は何でしょう？,3Dプリンター,
現在のコンピュータの基本形を作ったことや、ゲーム理論を創始したことで知られる、ハンガリー出身の数学者は誰でしょう？,ジョン・フォン・ノイマン,
確率論において、ある事象に対してそれが起こらない事象のことを何というでしょう？,余事象,
確率論において、どちらか一方が起こればもう一方は起こらないという事象同士の関係のことを何というでしょう？,排反,
近代科学の成立にも多大な影響を与えた、中世ヨーロッパで盛んに研究された卑金属を貴金属に変える技術を何というでしょう？,錬金術,
羊飼いの少年サンチャゴがピラミッドの宝を目指し旅に出る、パウロ・コエーリョの小説は何でしょう？,『アルケミスト夢を旅した少年』,
「ほんとうに人間はいいものかしら」というお母さん狐のつぶやきで終わる、新美南吉（にいみ・なんきち）の童話は何でしょう？,『てぶくろを買いに』,
生涯にわたってカエルを題材とした詩を書き続けた、『春殖（しゅんしょく）』や『冬眠』などの実験的作品で知られる日本の詩人は誰でしょう？,草野心平（くさの・しんぺい）,
無実の罪を着せられたカチューシャを救うべく奔走（ほんそう）する、トルストイの小説『復活』の主人公は誰でしょう？,ネフリュードフ,
豪傑たちが梁山泊に集結し、腐敗した役人の打倒を目指す、中国・明代の長編小説は何でしょう？,『水滸伝（すいこでん）』,
80分しか記憶がもたない天才数学者と、10歳の息子を持つ家政婦の交流を描いた、小川洋子の小説は何でしょう？,『博士の愛した数式』,
「ふるさとは遠きにありて思ふもの」という冒頭の一節が有名な、詩集『抒情小曲集（じょじょうしょうきょくしゅう）』に収められた室生犀星（むろう・さいせい）の詩は何でしょう？,『小景異情(しょうけいいじょう)』,
女性不信になったペルシャの王様に、大臣の娘・シェヘラザードが物語を語るという形式の、アラビア語の説話集は何でしょう？,『千夜一夜物語』,
童謡では「絵にもかけない美しさ」と歌われている、昔話「うらしまたろう」に登場する海の中のお城は何でしょう？,竜宮城,
琉球に漂着した弓の名手・源為朝（みなもとの・ためとも）を主人公とする、滝沢馬琴（たきざわ・ばきん）の読本は何でしょう？,『椿説弓張月(ちんせつゆみはりづき)』,
ケチな老人・スクルージが、クリスマスの日に不思議な体験をして心を改めるという内容の、チャールズ・ディケンズの小説は何でしょう？,『クリスマス・キャロル』,
九州帝国大学で起きた米軍捕虜の生体解剖実験を題材とする、遠藤周作の小説は何でしょう？,『海と毒薬』,
日本神話の海幸彦（うみさちひこ）・山幸彦（やまさちひこ）のエピソードで、山幸彦が落としてしまい海幸彦から取り戻すよう命令された道具は何でしょう？,釣り針,
うっかりやさんの青いコアラの女の子を主人公とする、フランス生まれの絵本シリーズは何でしょう？,『ペネロペ』,
ゲーテの詩劇『ファウスト』で、ファウストが天地の真理と引き換えに魂を売り渡す悪魔は誰でしょう？,メフィストフェレス,
療養先の温泉で見かけた蜂・ねずみ・いもりの死を通して、人間の生死の意味を描いた、志賀直哉の小説は何でしょう？,『城の崎にて』,
ヤマトタケルの伝説から「筑波の道」とも呼ばれる、和歌の上（かみ）の句と下（しも）の句を交互に読み合う詩歌の形式は何でしょう？,連歌（れんが）,
ツルゲーネフの小説『初恋』で、主人公のウラジーミルが恋心を抱くヒロインの名前は何でしょう？,ジナイーダ,
紅茶に浸したマドレーヌを口にした主人公の少年が幼少期の記憶を蘇らせるシーンが有名な、マルセル・プルーストの小説は何でしょう？,『失われた時を求めて』,
放浪の生活のなか、『イリュミナシオン』や『地獄の季節』などの詩を書いた、フランスの詩人は誰でしょう？,アルチュール・ランボー,
楊貴妃への愛に溺れる玄宗（げんそう）の悲恋を120行でつづった、唐の詩人・白居易（はくきょい）による詩は何でしょう？,『長恨歌（ちょうごんか）』,
「そらにみつ」「しきしまの」「あきつしま」といえば、何という言葉を引き出す和歌の枕詞でしょう？,大和（やまと）,
ハンブルク空港に到着した主人公がビートルズの曲を耳にし、昔のことを思い出すシーンから物語が始まる、村上春樹の小説は何でしょう？,『ノルウェイの森』,
女地主のラネーフスカヤとその一家の没落を描いた、チェーホフの戯曲は何でしょう？,『桜の園』,
捕鯨船の乗組員としての経験をもとに、『白鯨（はくげい）』などの小説を書いたアメリカの作家は誰でしょう？,ハーマン・メルヴィル,
芥川龍之介の小説『蜘蛛の糸』で、お釈迦様によって救いの手を差し伸べられる地獄の罪人は誰でしょう？,犍陀多（カンダタ）,
坪内逍遥（つぼうち・しょうよう）が全作品の翻訳を成し遂げた、『ハムレット』や『リア王』を書いた劇作家は誰でしょう？,ウィリアム・シェイクスピア,
親友エンキドゥの死をきっかけに永遠の命を求めて放浪する、古代メソポタミアの叙事詩に登場する英雄は誰でしょう？,ギルガメッシュ,
「銀河帝国」と「自由惑星同盟」の紛争を描いた、田中芳樹（たなか・よしき）の架空戦記は何でしょう？,『銀河英雄伝説』,
『伊勢物語』の「かきつばたの句」が有名な、句の始めに物や土地の名前などを１文字ずつ置いて詠む和歌の技法は何でしょう？,折句（おりく）,
『２人のロッテ』『飛ぶ教室』『エーミールと探偵たち』などの代表作がある、ドイツの作家は誰でしょう？,エーリッヒ・ケストナー,
「男もすなる日記(にき)といふものを、女もしてみむとてするなり。」という書き出しの、紀貫之(きの・つらゆき)の日記文学は何でしょう？,『土佐日記』,
晩年には「則天去私（そくてんきょし）」の境地を理想とした、『こゝろ』などの作品で知られる明治期の文豪は誰でしょう？,夏目漱石,
「科学をあなたのポケットに」を合言葉に、自然科学を分かりやすく解説する講談社の新書レーベルは何でしょう？,ブルーバックス,
前編の「斎藤道三」と後編の「織田信長」からなる、戦国時代を舞台とした司馬遼太郎の歴史小説は何でしょう？,『国盗り物語』,
主人公の少年が少女と出会ったことをきっかけに物語が展開されるという、典型的な筋書きの恋物語を何というでしょう？,ボーイ・ミーツ・ガール,
16世紀頃のスペインで始まった、下層階級出身の主人公が冒険や経験を自伝的に物語る形式の小説は何でしょう？,ピカレスク,
童話『みにくいアヒルの子』で、｢みにくいアヒルの子｣として虐められたのは、実際にはどんな動物のヒナだったでしょう？,白鳥,
ロシア・リアリズム文学を代表する、『外套（がいとう）』や『死せる魂』などの小説を著（あらわ）した作家は誰でしょう？,ニコライ・ゴーゴリ,
歪んだ正義感から殺人を犯す青年・ラスコーリニコフを主人公とする、ドストエフスキーの長編小説は何でしょう？,『罪と罰』,
アンキロサウルスの赤ちゃんとティラノサウルスの不思議な交流を描いた、宮西達也の絵本は何でしょう？,『おまえうまそうだな』,
横光利一（よこみつ・りいち）や川端康成など、現実を主観的に把握し再構成しようとした作家たちを「何派」というでしょう？,新感覚派,
田子の浦や白河の関のように、古来より多くの和歌に詠み込まれてきた名所を何というでしょう？,歌枕,
無人島に漂着した船乗りが、28年もの間自給自足生活を送る姿を描いた、ダニエル・デフォーの小説は何でしょう？,『ロビンソン・クルーソー』,
童話『かさじぞう』で、手持ちの笠が足りなかったおじいさんが、最後の地蔵に被せたものは何でしょう？,手ぬぐい,
代表作に『アブサロム・アブサロム！』『八月の光』『響きと怒り』があるアメリカの作家は誰でしょう？,ウィリアム・フォークナー,
「こんなよい月を一人で見て寝る」や「咳をしても一人」といった自由律俳句を残した俳人は誰でしょう？,尾崎放哉（おざき・ほうさい）,
インド国歌を作詞・作曲したことでも知られる、ベンガル語の詩集『ギーターンジャリ』で名高い詩人は誰でしょう？,ラビンドラナート・タゴール,
主人公の知能に合わせて変化する文体が特徴的な、ダニエル・キイスの小説は何でしょう？,『アルジャーノンに花束を』,
中島敦（なかじま・あつし）の小説『山月記』で、「臆病な自尊心」と「尊大な羞恥心」から虎になる主人公の名前は何でしょう？,李徴（りちょう）,
高校の伝統行事「歩行祭（ほこうさい）」に参加した生徒たちの心の成長を描いた、恩田陸（おんだ・りく）の小説は何でしょう？,『夜のピクニック』,
作者自身が体験した共同印刷争議を描いた、プロレタリア文学を代表する徳永直（とくなが・すなお）の小説は何でしょう？,『太陽のない街』,
『信じる』や『春に』といった合唱曲の歌詞のもととなる詩を書いた、日本の詩人は誰でしょう？,谷川俊太郎（たにかわ・しゅんたろう）,
主題が分かりづらくなるため通常は避けられる、俳句で１句のうちに季語が２つ以上入ることを何というでしょう？,季重なり,
唐の僧侶・鑑真を日本に招こうとする留学僧たちの苦悩を描いた、井上靖（いのうえ・やすし）の小説は何でしょう？,『天平の甍（てんぴょうのいらか）』,
騎士道物語を読んで気が狂い、従者サンチョ・パンサを従えて修業の旅に出る、セルバンテスの小説に登場する主人公は誰でしょう？,ドン・キホーテ,
独特な書体と平易な言葉づかいで、『おかげさん』や『にんげんだもの』などの作品を残した詩人は誰でしょう？,相田みつを,
首相暗殺の濡れ衣を着せられた主人公の２日間に渡る逃亡劇を描いた、伊坂幸太郎の小説は何でしょう？,『ゴールデンスランバー』,
坂口安吾（さかぐち・あんご）や織田作之助（おだ・さくのすけ）に代表される、戦後の文壇で権威や価値観に反逆する形で活躍した作家達を「何派」というでしょう？,無頼派（ぶらいは）,
短編小説の名手であったことから「小説の神様」と呼ばれる、代表作に『暗夜行路』がある小説家は誰でしょう？,志賀直哉（しが・なおや）,
ペストから逃れた10人の男女が一夜に一話ずつ物語を語るという内容の、100話の短編からなるボッカチオの小説集は何でしょう？,『デカメロン』,
「ゆく川の流れは絶えずして、しかももとの水にあらず」という一文で始まる、鴨長明の随筆は何でしょう？,『方丈記』,
34年という短い生涯のなかで、『虐殺器官（ぎゃくさつきかん）』や『ハーモニー』といった小説を残した日本のSF作家は誰でしょう？,伊藤計劃（いとう・けいかく）,
イングランドの田舎町を舞台に、ベネット家の長女・エリザベスの恋愛模様を描いた、ジェーン・オースティンの小説は何でしょう？,『高慢と偏見』,
絵本『ぐるんぱのようちえん』で、主人公のぐるんぱはどんな動物でしょう？,ゾウ,
不義の子をもうけた女性ヘスター・プリンを描く、アメリカの作家ナサニエル・ホーソンの代表作は何でしょう？,『緋文字（ひもんじ）』,
「ビッグ・ブラザー」が支配する全体主義国家・オセアニアを舞台に、監視社会やナチズムを痛烈に風刺した、オーウェルの小説は何でしょう？,『1984年』,
日本を「恥の文化」、西洋を「罪の文化」と類型した、人類学者ルース・ベネディクトの著書は何でしょう？,『菊と刀』,
琶を弾く盲目の僧侶たちが語り継いだ、「祇園精舎の鐘の声」の一節で始まる軍記物語は何でしょう？,『平家物語』,
三島由紀夫や谷崎潤一郎に代表される、道徳や常識よりも美しさを追求した文学の一派は何でしょう？,耽美派（たんびは）,
『落雷はすべてキス』『夜空はいつでも最高密度の青色だ』『死んでしまう系のぼくらに』などの詩集を著した現代詩人は誰でしょう？,最果タヒ（さいはて・-）,
ダボスのサナトリウムを舞台に、青年ハンス・カストルプの精神的な成長を描いた、トマス・マンの小説は何でしょう？,『魔の山』,
「あっしにはかかわりのねえことでござんす」という口癖は当時の流行語にもなった、笹沢左保(ささざわ・さほ)の時代小説に登場する放浪者は誰でしょう？,木枯し紋次郎,
「春雨じゃ、濡れてまいろう」の台詞が有名な、行友李風(ゆきとも・りふう)の戯曲に登場する剣客は誰でしょう？,月形半平太（つきがた・はんぺいた）,
「花は盛りに」や「仁和寺（にんなじ）にある法師」などの段が有名な、鎌倉時代に兼好法師が著した随筆は何でしょう？,『徒然草（つれづれぐさ）』,
代表作に『三人姉妹』『ワーニャ叔父さん』『桜の園』などがあるロシアの劇作家は誰でしょう？,アントン・チェーホフ,
「紙が自然発火するときの温度」が題名となっている、本の所持が禁じられた社会を描いたレイ・ブラッドベリのSF小説は何でしょう？,『華氏451度』,
相続争いのために京都から鎌倉へ下ったときの道中を記録した、阿仏尼（あぶつに）の日記文学は何でしょう？,『十六夜日記』,
17歳の少女セシルが南フランスの別荘で過ごすひと夏を描いた、フランソワーズ・サガンの小説は何でしょう？,『悲しみよこんにちは』,
『スローターハウス5』『猫のゆりかご』『タイタンの妖女』などの代表作がある、アメリカの小説家は誰でしょう？,カート・ヴォネガット,
ダブリンに住む男のある1日を叙事詩『オデュッセイア』になぞらえて綴った、ジェームズ・ジョイスの小説は何でしょう？,『ユリシーズ』,
「忘却探偵」シリーズ、「戯言」シリーズ、<物語>シリーズといった小説シリーズを執筆している作家は誰でしょう？,西尾維新（にしお・いしん）,
「工作員」と呼ばれるボランティアが運営を支える、著作権が消滅した文学作品などを公開している電子図書館は何でしょう？,青空文庫,
死んだ農奴の名義を買い集めて金儲けを図る詐欺師・チチコフを主人公とする、ニコライ・ゴーゴリの小説は何でしょう？,『死せる魂』,
社会派推理小説のジャンルを開拓した、代表作に『点と線』や『砂の器』がある小説家は誰でしょう？,松本清張（まつもと・せいちょう）,
『文芸戦線』や『戦旗』などの雑誌を中心に展開された、労働者の立場から生活を描いた文学運動は何でしょう？,プロレタリア文学,
ネズミ退治の報酬をもらえなかった男が、町から子どもたちを連れ去ってしまったという、ドイツの伝承は何でしょう？,ハーメルンの笛吹き男,
ダブリンに住む広告業者のある一日を『オデュッセイア』を下敷きに描いた、ジョイスの長編小説は何でしょう？,『ユリシーズ』,
ヒロインの浪子（なみこ）が言い放つ「千年も万年も生きたいわ！」という台詞が特に有名な、徳冨蘆花（とくとみ・ろか）の小説は何でしょう？,『不如帰（ほととぎす）』,
ハチベエ、ハカセ、モーちゃんの活躍を描いた、那須正幹(なす・まさもと)の児童書シリーズは何でしょう？,『ズッコケ三人組』シリーズ,
森鴎外と「没理想論争」を繰り広げた、写実主義文学を説いた『小説神髄（しょうせつしんずい）』などの著作で知られる作家は誰でしょう？,坪内逍遥（つぼうち・しょうよう）,
ローマ神話のユピテルにあたる、ギリシャ神話の最高神は誰でしょう？,ゼウス,
ギリシャ神話のパンドラの箱のエピソードで、様々な災厄が飛び出した箱の中に最後に残ったものは何でしょう？,希望【○：エルピス】,
「初めに言葉ありき」という一節から始まる、『新約聖書』における第4の福音書は何でしょう？,『ヨハネによる福音書』,
新約聖書の「受胎告知」のエピソードで、聖母マリアにキリストを妊娠していることを告げた天使は誰でしょう？,ガブリエル,
ヘロデ王の前で踊りを披露し、褒美としてヨハネの首を求めたとされる、新約聖書に登場する人物は誰でしょう？,サロメ,
ヘラ・アテナ・アフロディーテが美少年に取り入り、トロイア戦争の勃発を招いたというギリシャ神話の出来事は何でしょう？,パリスの審判,
アポロンの求愛から逃れるため、父に祈って月桂樹に姿を変えた、ギリシャ神話に登場する精霊は誰でしょう？,ダフネ,
ペルセウスに殺されたメドゥーサの肩の切口から生まれたとされる、ギリシャ神話に登場する翼を持った馬は何でしょう？,ペガサス,
天界から盗み出した火を人類に与え、罰として大鷲に肝臓をつつかれる拷問を受けた、ギリシャ神話に登場する神は誰でしょう？,プロメテウス,
美しい歌声で船乗りを惑わし遭難させるという、ギリシャ神話に登場する怪物は何でしょう？,セイレーン,
ミミルの泉の水を飲み、片目を代償に無限の知恵を手に入れた、北欧神話の最高神は誰でしょう？,オーディン,
勇敢に戦って死んだ戦士たちがワルキューレによって運ばれてくるという、北欧神話の主神・オーディンが住む館を何というでしょう？,ヴァルハラ,
アングルボザとの間にフェンリルなど三人の子をもうけた、北欧神話に登場するいたずら好きの神は誰でしょう？,ロキ,
ラグナロクが始まってすぐに足かせのグレイプニルを食いちぎり、最高神・オーディンを飲み込んだ、北欧神話に登場する狼の怪物は何でしょう？,フェンリル,
３本の根はそれぞれ別の世界に通じ、枝は９つの世界に伸びている、北欧神話に描かれるトネリコの大樹は何でしょう？,ユグドラシル,
のちにアメン神と習合して信仰されるようになった、ハヤブサの頭をもつ姿で描かれる、エジプト神話の太陽神は誰でしょう？,ラー,
弟のセトに殺されるも、妻のイシスの手により復活した、エジプト神話における冥界の王は誰でしょう？,オシリス,
ジャッカルの頭をもった姿で描かれることが多い、エジプト神話において死者をオシリスのもとに導く冥界の神は誰でしょう？,アヌビス,
王位を巡り兄のオシリスを殺害し、最期には甥のホルスに復讐される、エジプト神話の神は誰でしょう？,セト,
ギリシャ神話のディオニュソスや北欧神話のロキのように、神話の世界でいたずら好きとして描かれる神々を何というでしょう？,トリックスター,
急な出来事に慌ててかけつけるさまを、武士が刀を腰に差す暇もなく向かう様子に例えて何というでしょう？,おっとり刀,
長寿のお祝いで「茶寿」といえば、何歳のことを意味しているでしょう？,108歳,
貧しいころからつれそい苦労をともにしてきた妻のことを、どちらも米へんの漢字を使った二字熟語で「何の妻」というでしょう？,糟糠（そうこう）の妻,
杜甫の詩の一節「人生七十（しちじゅう）古来稀（まれ）なり」に由来する、七十歳のお祝いを指す言葉は何でしょう？,古稀（こき）,
「故（ふる）きを温（たず）ねて新しきを知る」と訓読される、昔のことの研究から新しい知識を見つけ出すことを意味する四字熟語は何でしょう？,温故知新,
最も典型的なものを表すたとえにも使われる、人や物といった名詞の代わりになる日本語の品詞は何でしょう？,代名詞,
古代中国で天が崩れ落ちることを心配した人の故事から、無用の心配をすることを何というでしょう？,杞憂（きゆう）,
極めて不安定で危険な状態のことを、積み上げた卵にたとえた言葉で何というでしょう？,累卵（るいらん）の危うき,
タバコを吸うことを、ある色を用いた表現で「何をくゆらす」というでしょう？,紫煙（しえん）をくゆらす,
先人の詩や文章を踏襲して独自の作品に仕上げることを、「骨」という漢字を用いた四字熟語で何というでしょう？,換骨奪胎（かんこつだったい）,
ことわざで、信頼していた者に裏切られてひどい目にあうことを「何を飲まされる」というでしょう？,煮え湯を飲まされる,
「手の内を明かす」「手ぐすねを引く」「満を持す」といえば、何という武芸に由来する慣用句でしょう？,弓道,
借金を繰り返しながらかろうじて経営が続いている企業の状態を、「何操業」というでしょう？,自転車操業,
呆れてしまって次に言うべき言葉が出てこないさまを、雅楽に由来する慣用句で「何が継げない」と言うでしょう？,二の句が継げない,
ことわざで、どんな人にもふさわしい相手がいるということを「割れ鍋に何」というでしょう？,割れ鍋に綴じ蓋,
公正で人情味のある判決のことを、江戸時代の名奉行にちなんで「何裁き」というでしょう？,大岡裁き,
桶（おけ）や樽を固定するための輪っかが取れてしまうことから転じて、束縛がなくなって羽目を外した行動をすることを何というでしょう？,タガが外れる,
一度敗れたものが再び勢いを取り戻すことを、「土」という漢字を用いた四字熟語で何というでしょう？,捲土重来（けんどちょうらい）,
ある人の得意なことをそれ以上にうまくやってのけることを、「何を奪う」というでしょう？,お株を奪う,
表に現れているのは大きな問題のほんの一部にすぎないということを、海から少しだけ突き出ている氷山に例えて何というでしょう？,氷山の一角,
入浴時間が非常に短いことを、ある鳥を用いた慣用句で何というでしょう？,からすの行水（ぎょうずい）,
進歩は遅いが着実に大成する学問のことを、「梅の木学問」に対して何というでしょう？,楠（くすのき）学問,
見た目の華やかさはないが、確かな実力を持ったもののことを、ある金属の名前を用いて何というでしょう？,いぶし銀,
中途半端で役に立たないことをいったことわざで、「帯に短し」に続く言葉は何でしょう？,襷（たすき）に長し,
どのような意味にも捉えることができる曖昧な表現のことを、見る角度によって羽の色が違って見える昆虫に例えて何というでしょう？,玉虫色（たまむしいろ）,
尊敬する人に直接会って話を聞くことを、「咳払い」を意味する漢字を使って「何に接する」いうしょう？,謦咳(けいがい)に接する,
共通の母語を持たない集団で、意思疎通のために使われている言語のことを、「フランク人」を意味するイタリア語で何というでしょう？,リンガ・フランカ,
少しの欠点を直そうとして、かえって全体をダメにしてしまうことを、「角（つの）を矯（た）めて何を殺す」というでしょう？,角を矯めて牛を殺す,
「集団の長となる人物」のことを、服の襟と袖を意味する2つの漢字を組み合わせた熟語で何というでしょう？,領袖（りょうしゅう）,
何としても手に入れたくなるような貴重なもののことを、「よだれを垂らす」という意味の熟語を用いて「何の的（まと）」というでしょう？,垂涎（すいぜん）の的,
最初に据えるお灸は身を切るほど痛いということから、「物事の手始め」を意味する言葉は何でしょう？,皮切り,
命令する人が多すぎると、物事が見当違いの方向に進んでしまうことを、「船頭（せんどう）多くして船どこに上る」というでしょう？,船頭多くして船山に上る,
夏場に多くの蝉が一斉に鳴きたてる様子を、ある気象現象にたとえて何というでしょう？,蝉時雨,
若い頃に身に付けた腕前が未だに衰えないことを、「昔取った何」というでしょう？,昔取った杵柄（きねづか）,
権力者に媚びて学問の真理をねじまげることを、「世間の世」という字を使った四字熟語で何というでしょう？,曲学阿世（きょくがくあせい）,
ただでさえひどい状況をさらに悪化させることを、「火に何を注ぐ」というでしょう？,火に油を注ぐ,
困難な状況にあって初めてその人の真価がわかるということを、「疾風に何を知る」というでしょう？,疾風に勁草（けいそう）を知る,
古文において、「かしらおろす」や「世をそむく」といったら、どのような意味を表す単語でしょう？,出家する,
思ったことを包み隠さずに言うことを、体の一部分を使って「どこに衣着せぬ」というでしょう？,歯に衣着せぬ,
何事も自分で直接経験してみなければ分からないということを、「馬には乗ってみよ人にはどうしてみよ」というでしょう？,馬には乗ってみよ人には添うてみよ,
追いつ追われつの試合のことを、公園にある遊具の名前を使って「何ゲーム」というでしょう？,シーソーゲーム,
相手が好意を持って接してくれば、こちらも相手に対して自然に好意を抱けるということを、「魚心あれば何」というでしょう？,魚心あれば水心,
失敗や災難によって、思いがけず良い結果がもたらされることを、「怪我の何」というでしょう？,怪我の功名,
病気などが少しずつよくなっていくことを、「何を剥ぐよう」というでしょう？,薄紙（うすがみ）を剝ぐよう,
「これ以上崩れない」ということから、安定した晴れ模様のことをいった表現は「何天気」でしょう？,一円玉天気,
もともとは「土地や家屋の売り渡し証文」を指した、プライドに差し障りがあることを「これに関わる」と表現する言葉は何でしょう？,沽券（こけん）,
人生の何が幸運で何が不幸かは簡単に予測できないものだということを、古代中国の言い伝えから何というでしょう？,人間（じんかん）万事塞翁が馬,
物事の方向性が決まる分かれ目のことを、水系（すいけい）どうしの境界となっている山にたとえて何というでしょう？,分水嶺（ぶんすいれい）,
大酒飲みな人のことを、「大蛇」を意味する言葉で何というでしょう？,うわばみ,
必ず守るべき重要な法律や規則のことを、価値ある黄金や宝石に例えた四字熟語で何というでしょう？,金科玉条（きんかぎょくじょう）,
秋の日はすぐに暮れてしまうということを、井戸で水を汲むために使う道具にたとえて「秋の日は何」というでしょう？,つるべ落とし,
良いことには邪魔が入りやすく長続きしないということを、「月に叢雲(むらくも)花に何」というでしょう？,月に叢雲花に風,
文章などを一息に書き上げることを、「一」という漢字を用いた四字熟語で何というでしょう？,一気呵成（いっきかせい）,
見聞が広くとても博識な人のことを、辞書にたとえた表現で何というでしょう？,生き字引,
英語では｢Easycome，easygo｣といったフレーズで表現される、｢不正に手に入れたお金はすぐなくなってしまう｣という意味のことわざは何でしょう？,悪銭身に付かず,
「つまらないものでも無いよりはましだ」ということを、ことわざで「何も山の賑わい」というでしょう？,枯れ木も山の賑わい,
もともとは車輪がきしむことを意味していた、人の仲が悪くなることを表す二字熟語は何でしょう？,軋轢（あつれき）,
学者が研究のあまり社会から疎遠になることを、ある高価な素材を用いて「何の塔に籠もる」というでしょう？,象牙の塔,
実力は未知数ながらも有力視されている選手のことを、競馬の穴馬にたとえて何というでしょう？,ダークホース,
お互いに心の底まで打ち明けて付き合うことを、「何相照らす」というでしょう？,肝胆（かんたん）相照らす,
そう簡単に相手の思い通りにはさせないということを、「そうは何が下ろさない」というでしょう？,そうは問屋が下ろさない,
実現は困難だが、成功すれば大きなインパクトが期待できる目標のことを、アポロ計画に由来する言葉で何というでしょう？,ムーンショット,
悪事をはたらきつづけた者がとうとう捕まり、刑に服さなければいけない時のことを、「何の納め時」というでしょう？,年貢の納め時,
自分の意見を言わないと気のすまない人のことを、漢数字の「一」を使った四字熟語で何というでしょう？,一言居士（いちげんこじ）,
とっておきの場面で用いる手法のことを、家宝として代々伝わる武器にたとえて何というでしょう？,伝家の宝刀,
馬を並足（なみあし）で進ませる基本の乗り方に由来する、「物事を手堅く一歩一歩進める」という意味の二字熟語は何でしょう？,地道,
狭い範囲にしか影響を与えない揉め事のことを、バーナードの戯曲から「どこの中の嵐」というでしょう？,コップの中の嵐,
物事をやり遂げる過程で一番苦しい時期のことを、富士登山の最終盤にある険しい道にたとえて何というでしょう？,胸突き八丁（むなつきはっちょう）,
牛の角は左右どちらも同じ長さに見えることから、「両者の力量が同じ程度であること」を意味する言葉は何でしょう？,互角,
三重県の海岸で密猟を繰り返した男の故事に由来する、商売のやり方などが強欲なさまを何というでしょう？,阿漕（あこぎ）,
争いごとを仲裁してくれる人は有難いものなので従うのがよいということを、「何は時の氏神（うじがみ）」というでしょう？,挨拶は時の氏神,
貧しいながらかろうじて生計を立てていくことを、お粥を意味する漢字を用いて「何を凌ぐ」というでしょう？,糊口（ここう）を凌ぐ,
ある物事を引き起こすきっかけのことを、ポンプから水が出ない時に上から入れる水にたとえて何というでしょう？,呼び水,
一度は仲たがいした者が、再びもと関係に戻ることを「元の何に収まる」というでしょう？,もとの鞘（さや）に収まる,
亡くなった人や神仏が夢の中に現れて物事を告げることを、「何に立つ」というでしょう？,夢枕（ゆめまくら）に立つ,
誰でもできそうなことでも、最初に行うのは難しいということを、新大陸発見者のエピソードから何というでしょう？,コロンブスの卵,
前ぶれの騒ぎは大きいが、実際にはたいしたことがおこらなかったということを、動物を用いたことわざで何というでしょう？,大山鳴動（たいざんめいどう）して鼠一匹,
陰謀や悪事が絶えず渦巻いている場所のことを、魔物が潜んでいる様子に例えて何というでしょう？,伏魔殿,
言語研究の資料として使われる、様々な言葉の用例を網羅したテキストデータのことを英語で何というでしょう？,コーパス,
組織などがしっかりとまとまっている様子を、ひとつの大きな岩に例えて何というでしょう？,一枚岩（いちまいいわ）,
「アポを取る」というときの「アポ」とは、何という言葉の略でしょう？,アポイントメント,
似たような物事が相次いで現れることを、雨が降ったあとに生えてくる野菜に例えて何というでしょう？,雨後の筍（うごのたけのこ）,
物事が途切れながらも断続的に行われることを、梅雨の天気になぞらえて「何式」というでしょう？,五月雨式,
何事も死んでしまってはおしまいであることをいったことわざを、「命あっての何」というでしょう？,命あっての物種（ものだね）,
「明けの明星」や「宵の明星」といえば、何という惑星の別名でしょう？,金星,
本当に才能がある人は、むやみにいばったり能力をひけらかしたりしないということを、「能ある鷹は何を隠す」というでしょう？,能ある鷹は爪を隠す,
あらゆる方面で目覚ましい活躍を見せることを、８つの顔と６本の腕を意味する四字熟語で何というでしょう？,八面六臂（はちめんろっぴ）,
ことわざで、弟子が師匠よりも優れていることを、ある植物にちなんで「何の誉(ほま)れ」というでしょう？,出藍（しゅつらん）の誉れ,
心に何のわだかまりもなくさっぱりしていることを、「懐（ふところ）」という漢字を使った四字熟語で何というでしょう？,虚心坦懐,
苦労を経たうえでの長い年月のことを、「星」という字を使った漢字３文字の熟語で何というでしょう？,幾星霜（いくせいそう）,
焦らずにじっくりと待っていれば良い機会が巡ってくるものだということを、「待てば何の日和あり」というでしょう？,待てば海路の日和あり,
元々は「歯と歯の間が狭い」という意味であった、気持ちがせかせかしているさまを表す二字熟語は何でしょう？,齷齪（あくせく）,
時が経っても色あせない不朽の名作のことを、「常緑樹」を意味する英語を使って何というでしょう？,エバーグリーン,
実際にないものはどうしようもないということを、衣服の一部を使って「ない何は振れない」というでしょう？,ない袖は振れない,
あと戻りすることを「きびすを返す」といいますが、この「きびす」とは体のどの部位のことでしょう？,かかと,
戦国時代に多くの分国法で成文化された、争いを起こした当事者の両方を理由に関わらず処罰することを何というでしょう？,喧嘩両成敗,
戊辰戦争に際して幕府側の代表として明治政府と交渉を行い、江戸城の無血開城を実現させた幕末の政治家は誰でしょう？,勝海舟（かつ・かいしゅう）,
1467年から約11年ほど続いた、京都を中心に守護大名が細川勝元率いる東軍と、山名宗全（やまな・そうぜん）率いる西軍に分かれ戦った内乱は何でしょう？,応仁の乱,
６歳以上の男子は２段（たん）、女子はその3分の2とされた、律令制の班田収授法に基づいて人民に与えられた田んぼを何というでしょう？,口分田,
医者や僧侶らが教師となり読み書きや算盤などを教えた、江戸時代に全国に設けられた庶民の教育施設は何でしょう？,寺子屋,
江戸時代、夫婦が離婚する際に夫から妻へ渡していた書状のことを、慣習的に定着した行数から何というでしょう？,三行半（みくだりはん）,
平安時代中期に東国では平将門（たいらの・まさかど）が、西国（さいごく）では藤原純友（ふじわらの・すみとも）が起こした反乱のことを、総称して何というでしょう？,承平・天慶（じょうへい・てんぎょう）の乱,
東京へ向かう汽車の窓から大森貝塚を発見した、日本の考古学研究の基礎を築いたアメリカの動物学者は誰でしょう？,エドワード・モース,
無数のデモ隊が国会議事堂を取り囲んだ、日米安全保障条約の改定に反対して展開された闘争は何でしょう？,安保闘争,
第二次大戦までの日本で言論や思想を取り締まった、内務省直属の秘密警察を何というでしょう？,特高（とっこう）,
全ての政党が自発的に解散する形で設立された、戦時中の日本で国民を統制した政治団体は何でしょう？,大政翼賛会,
渡邊崋山（わたなべ・かざん）や高野長英といった蘭学者が処罰された、1839年に起こった言論弾圧事件は何でしょう？,蛮社の獄,
白村江の戦いでの敗北をきっかけに制度化された、北九州の防衛にあたった兵士を何というでしょう？,防人,
足利尊氏と弟の直義(ただよし)の対立をきっかけに起こった室町幕府の内部抗争を、当時の年号から何というでしょう？,観応（かんのう）の擾乱（じょうらん）,
三角形の断面を持つ木材を井桁（いげた）に積み上げた、東大寺の正倉院に代表される建築様式を何というでしょう？,校倉造（あぜくらづくり）,
亀の甲羅を焼き、ひびの割れ方で吉凶を占った、古代中国や日本で行われた占いは何でしょう？,亀卜（きぼく）,
森の石松といった子分を従え、現在の静岡東部で名をとどろかせた侠客（きょうかく）は誰でしょう？,清水次郎長（しみずの・じろちょう）,
「おもしろきこともなき世をおもしろく」という辞世の句も有名な、幕末に奇兵隊を組織した長州藩の志士は誰でしょう？,高杉晋作（たかすぎ・しんさく）,
江戸時代に中国へ輸出されたなまこ、干しあわび、ふかのひれの３品を総称して何というでしょう？,俵物（たわらもの）,
大宰権帥（だざいのごんのそち）や藤原隆家（ー・たかいえ）によって撃退された、1019年、対馬や壱岐に女真族が襲来した出来事を何というでしょう？,刀伊の入寇（といのにゅうこう）,
和宮（かずのみや）の臣籍降嫁（しんせきこうか）に象徴される、幕藩体制の立て直しのため幕府と朝廷が結びつこうとしたことを何というでしょう？,公武合体（こうぶがったい）,
「寛容と忍耐」を合言葉に活動し、「所得倍増計画」を目玉政策とした戦後の首相は誰でしょう？,池田勇人（いけだ・はやと）,
捨て子や病人も保護の対象となったことから再評価の動きもある、徳川綱吉（・つなよし）が制定した動物愛護についての法令は何でしょう？,生類憐みの令,
芥川龍之介が小説『羅生門』や『鼻』のモデルとした、インド・中国・日本の1000余りの仏教説話を集めた説話集は何でしょう？,『今昔物語集』,
古墳時代後期に造られるようになった、限られた地域に密集した小規模な古墳群を何というでしょう？,群集墳,
十二支像や四神（しじん）を描いた極彩色の石室壁画が残る、奈良県明日香村にある古墳は何でしょう？,キトラ古墳,
「飛鳥美人」と呼ばれる極彩色の壁画が有名な、奈良県明日香村にある古墳は何でしょう？,高松塚古墳,
露出した石の上部分が平らなことにちなんで名づけられた、蘇我馬子の墓と推定されている明日香村の古墳は何でしょう？,石舞台古墳,
畠山氏（はたけやまし）、斯波氏（しばし）、細川氏が交代で就任した、室町幕府で将軍を補佐した役職を何というでしょう？,管領（かんれい）,
平安時代の仏師・定朝（じょうちょう）が大成した、いくつかの木材をはぎ合わせて仏像を制作する方法を何というでしょう？,寄木造（よせぎづくり）,
太平洋戦争末期の日本で、都市部の子供たちが戦火に巻き込まれないよう、農村地帯に移住させたことを何というでしょう？,疎開,
５度の渡航失敗を乗り越えて来日を果たし、奈良に唐招提寺（とうしょうだいじ）を建立（こんりゅう）した唐の僧侶は誰でしょう？,鑑真（がんじん）,
御真影（ごしんえい）とよばれる天皇の写真とともに礼拝の対象とされた、学校教育の指針として明治政府が発表した文書は何でしょう？,教育勅語,
橋本左内（はしもと・さない）や吉田松陰（よしだ・しょういん）らが処刑された、江戸幕府の大老・井伊直弼が反対派を弾圧した事件は何でしょう？,安政の大獄,
1867年には大政奉還の舞台となった、江戸幕府初代将軍・徳川家康が京都に建てたお城は何でしょう？,二条城,
1993年に細川護熙（・もりひろ）内閣が成立したことで崩壊した、自民党と社会党の二大政党を中心とした戦後の政治体制を何というでしょう？,55年体制,
石清水八幡宮で行われたくじ引きの結果家督（かとく）を継ぐこととなった、室町幕府の第6代将軍は誰でしょう？,足利義教（あしかが・よしのり）,
1968年の発掘調査で「獲加多支鹵（ワカタケル）」の名が刻まれた鉄剣が発見された、埼玉県の古墳は何でしょう？,稲荷山古墳（いなりやまこふん）,
お昼どきに発生し、火災による甚大な被害がもたらされた、1923年9月1日に起こった大震災は何でしょう？,関東大震災,
山東省のドイツ権益の継承などの条項からなる、1915年に日本が袁世凱の北京政府に突き付けた要求を何というでしょう？,二十一か条の要求,
植木枝盛（うえき・えもり）の「日本国国憲按（にほんこくこっけんあん）」のように、大日本帝国憲法発布以前に政党や民間が発表した憲法案のことを何というでしょう？,私擬憲法（しぎけんぽう）,
1285年、有力御家人の安達泰盛（あだち・やすもり）とその一族が内管領（ないかんれい）の平頼綱に滅ぼされた事件を何というでしょう？,霜月騒動,
「人は城人は石垣、人は堀」という格言を残した、上杉謙信との「川中島の戦い」で有名な武将は誰でしょう？,武田信玄（たけだ・しんげん）,
熱湯の中に手を入れ、どのくらい火傷を負うかによって罪の重さを見極めた、古代日本で行われていた裁判の方法は何でしょう？,盟神探湯（くかたち）,
人返しの法や株仲間の解散などがおこなわれた、江戸時代後期に老中・水野忠邦（みずの・ただくに）がすすめた一連の改革を何というでしょう？,天保の改革,
『折たく柴の記』や『西洋紀聞』などを著した、江戸時代に「正徳（しょうとく）の治」と呼ばれる改革を行った老中は誰でしょう？,新井白石（あらい・はくせき）,
古代日本で、国司が実務を目代（もくだい）に任せ、京にいながら収入を得ようとしたことを何というでしょう？,遙任（ようにん）,
中世日本で荘園領主と地頭の紛争を収めるために、領地を二つに分割したことを何というでしょう？,下地中分（したじちゅうぶん）,
興福寺や延暦寺の僧によるものが知られる、僧兵が神木や神與を先頭に立てて暴動を起こしたことを何というでしょう？,強訴（ごうそ）,
奈良時代ごろの日本で聖武天皇が体現した、仏教の力を借りて国を治めようとする考え方を何というでしょう？,鎮護国家思想,
北面の武士を務めた後に出家し、旅の中で詠んだ歌を『山家集』に収めた平安時代の歌人は誰でしょう？,西行（さいぎょう）,
日本は空母４隻を失う大敗を喫し、太平洋戦争の戦局がアメリカ側に大きく傾いた、1942年に起きた戦闘は何でしょう？,ミッドウェー海戦,
薬師寺東塔（やくしじとうとう）に代表される、大化の改新から平城京の遷都に至る時代に栄えた文化を何というでしょう？,白鳳文化（はくほうぶんか）,
源義経による鵯越(ひよどりごえ)の逆落としで有名な、現在の神戸で起こった源平合戦の一つは何でしょう？,一ノ谷の戦い,
1792年に根室に来航し、漂流民の大黒屋光太夫（だいこくや・こうだゆう）を届けるとともに幕府に通商を求めた、ロシアの軍人は誰でしょう？,(アダム＝キリロヴィチ＝)ラクスマン,
改造社の『現代日本文学全集』など、昭和初期に1冊1円で販売された廉価本を総称して何というでしょう？,円本,
刑部親王（おさかべしんのう）や藤原不比等（ふじわらのふひと）が中心となり701年に制定された、律令体制の根幹をなした法典は何でしょう？,大宝律令,
江戸時代の和算家がお寺や神社に奉納した、数学の問題や解法が書かれた絵馬のことを何というでしょう？,算額（さんがく）,
来日していたチャップリンも標的にされた、1932年に海軍の青年将校たちが起こしたクーデターは何でしょう？,五・一五事件,
「円筒」と「形象」の２種類に大別される、装飾のため古墳の周囲に並べられた素焼きの土器を何というでしょう？,埴輪,
最期は湊川（みなとがわ）の戦いで命を落とした、生涯をかけて後醍醐天皇に忠義を尽くした戦国武将は誰でしょう？,楠木正成（くすのき・まさしげ）,
「人の世に熱あれ、人間に光あれ」と結ぶ宣言でも知られる、被差別部落解放を目指し結成された組織は何でしょう？,全国水平社,
平家軍が水鳥の羽音を敵襲と勘違いして逃げ出したエピソードが有名な、1180年に起こった源平合戦の１つは何でしょう？,富士川の戦い,
「義経の弓流し」や「扇の的」の逸話が生まれた、現在の香川県で起きた源平合戦末期の戦いは何でしょう？,屋島の戦い,
薩英戦争勃発の原因となった、大名行列を横切ったイギリス人を薩摩藩士が殺傷した事件は何でしょう？,生麦事件,
神武天皇から後村上天皇までの皇位継承の経緯を記し、南北朝時代における南朝の正統性を述べた、北畠親房（きたばたけ・ちかふさ）の歴史書は何でしょう？,『神皇正統記（じんのうしょうとうき）』,
神武天皇から順徳天皇までの皇位継承の経緯を記した歴史書は何でしょう？,『愚管抄（ぐかんしょう）』,
雄略天皇から嵯峨天皇までの皇位継承の経緯を記した歴史書は何でしょう？,『日本霊異記』,
大航海時代のスペインで開発された、アカプルコとフマニラを結ぶ貿易で使用された大型帆船は何でしょう？,ガレオン船,
『ローマ法大全』の編纂やハギア＝ソフィア大聖堂の再建を命じた、東ローマ帝国の皇帝は誰でしょう？,ユスティニアヌス,
1492年のグラナダ陥落によって完了した、イベリア半島の奪回を目的にキリスト教勢力が起こした運動を何といったでしょう？,レコンキスタ,
732年、フランク王国のカール・マルテルが進行してきたイスラム軍を撃退した戦いを何というでしょう？,トゥール・ポワティエ間の戦い,
代表作に『縛られたプロメテウス』や、『アガメムノン』に始まる『オレステイア』三部作があるギリシアの詩人は誰でしょう？,アイスキュロス,
ハワイ民謡『アロハ・オエ』を作曲したとされる、ハワイ王国最後の女王は誰でしょう？,リリウオカラニ,
「高貴な実験」と称して推進されるも、マフィアの台頭や治安の悪化が問題となった、かつてアメリカで施行された法律は何でしょう？,禁酒法,
フランス代表のタレーランによる正統主義を基本原則として、ナポレオン戦争後の秩序を回復すべく開かれた国際会議は何でしょう？,ウィーン会議,
かつての中国で陰陽説（いんようせつ）と結びついて流行した、万物は木、火、金、土、水の五元素のもとに成り立つとする思想は何でしょう？,五行説（ごぎょうせつ）,
封建領主の没落などを背景に、中世イギリスで出現した独立自営農民のことを何というでしょう？,ヨーマン,
19世紀末、ホセ・リサールやアギナルドの指導のもとで独立運動が展開された、当時スペインの植民地であった国はどこでしょう？,フィリピン,
文字を持たなかったインカ帝国で情報伝達に用いられた、縄の結び目によって数字などを記録する方法を何というでしょう？,キープ,
唐代の中国で従来の租庸調制（そようちょうせい）に代えて導入された、夏と秋の２度に分けて徴税を行う制度は何でしょう？,両税法,
人頭税を土地税に組み込んで納めさせる、清の時代にとられた税制度を何というでしょう？,地丁銀制（ちていぎんせい）,
あらゆる税目をまとめて銀で納付させた、中国で明代（みんだい）後期から実施された税制度は何でしょう？,一条鞭法（いちじょうべんぽう）,
1517年にマルティン・ルターが発表した、贖宥状の販売と教会の腐敗を攻撃する内容の意見状は何でしょう？,九十五か条の論題,
19世紀にフィッツジェラルドが英訳したことで世界的な知名度を得た、ペルシアの詩人・ウマル＝ハイヤームの四行詩は何でしょう？,『ルバイヤート』,
蒸気船の普及まで中国の商人が航海に用いた、3本のマストと角形の帆が特徴的な木造船を何というでしょう？,ジャンク船,
11世紀ごろのムスリム商人が使用した、大きな三角形の帆が特徴的な木造船は何でしょう？,ダウ船,
アンリ４世がナントの勅令を発布して終結させた、16世紀後半のフランスで起こった宗教戦争は何でしょう？,ユグノー戦争,
エチオピアで発見された「ルーシー」という個体が有名な、およそ300万年前にアフリカに生息した猿人を何というでしょう？,アウストラロピテクス,
「エジプトはナイルの賜物」という言葉を残した、著書『歴史』で有名な古代ギリシャの歴史家は誰でしょう？,ヘロドトス,
中国・明代後期に、北方ではモンゴル民族が侵略を繰り返し、南方では倭寇が海岸地域を荒らしていた状態を何というでしょう？,北虜南倭（ほくりょなんわ）,
グラスノスチやペレストロイカといった政策を推し進め、ソ連の改革を図った、同国の政治家は誰でしょう？,ミハイル・ゴルバチョフ,
661年にムアーウィヤが建国した、ダマスカスに都を置いたイスラム王朝は何でしょう？,ウマイヤ朝,
オーストリアの皇太子夫妻がセルビア人青年に殺害され、第一次世界大戦の契機となった事件を何というでしょう？,サラエボ事件,
『第二次大戦回顧録』などの執筆により1953年にノーベル文学賞を受賞した、当時のイギリスの首相は誰でしょう？,ウィンストン・チャーチル,
トゥグリル＝ベクが君主の称号として初めて用いた、イスラム王朝における支配者の称号は何でしょう？,スルタン,
交易により繁栄し「海東（かいとう）の盛国」と呼ばれた、７世紀末から10世紀初め頃まで中国東北部で栄えた国はどこでしょう？,渤海（ぼっかい）,
1077年、ドイツ国王ハインリヒ４世が、ローマ教皇グレゴリウス７世に雪の中で許しを求めた事件を何というでしょう？,カノッサの屈辱,
戦時中はパルチザンを率いて枢軸国軍に抵抗し、戦後に成立したユーゴスラビアの初代首相を務めた政治家は誰でしょう？,チトー,
トゥサン・ルベルチュールらの活躍により、1804年に南米で初めて独立を果たした国はどこでしょう？,ハイチ,
15世紀後半のイギリスで、ランカスター家とヨーク家の間で起こった内乱は何でしょう？,ばら戦争,
船が山を越えるという奇策を用いてコンスタンティノープルを陥落させた、オスマン帝国の第７代皇帝は誰でしょう？,メフメト２世,
産業革命期のイギリスで、労働環境への抗議として熟練工らが引き起こした機械の打ちこわし運動を何というでしょう？,ラッダイト運動,
1989年、太平洋上の船でブッシュとゴルバチョフが冷戦の集結を宣言した会談は何でしょう？,マルタ会談,
フリードリヒ２世に代表される、18世紀のヨーロッパで上からの近代化を進めた君主のことを何というでしょう？,啓蒙専制君主,
1945年2月、アメリカ、イギリス、ソ連の首脳が第二次世界大戦の戦後処理について話し合った会談は何でしょう？,ヤルタ会談,
『怒りについて』や『人生の短さについて』などの著作で知られる、ローマ皇帝ネロの家庭教師も務めた哲学者は誰でしょう？,セネカ,
石器時代、青銅器時代、鉄器時代の「三時期法」を提唱した、デンマークの考古学者は誰でしょう？,クリスチャン・トムセン,
イラクのクウェート侵攻を受けて、1991年にアメリカを中心とする多国籍軍が起こした戦争は何でしょう？,湾岸戦争,
プロイセン国家の高級官僚を独占した、ドイツのエルベ川から東の土地を所有した貴族のことを何というでしょう？,ユンカー,
実用書以外の書物を全て焼き、批判的だった学者を生き埋めにした、中国・秦の始皇帝が行った言論弾圧を何というでしょう？,焚書・坑儒（ふんしょこうじゅ）,
メッカ巡礼の帰りに立ち寄ったカイロで黄金をばらまいた逸話で有名な、14世紀前半に在位したマリ王国最盛期の王は誰でしょう？,マンサ・ムーサ,
大航海時代に航路開拓が進み、ヨーロッパ諸国の貿易の中心地が地中海から大西洋に移ったことを何革命というでしょう？,商業革命,
1848年のカリフォルニアから広まった、金を発掘しようと人々が鉱山に押し寄せた社会現象を何というでしょう？,ゴールドラッシュ,
アメリカがベトナム戦争開戦の根拠として掲げた、ある国の共産化が近隣諸国にも浸透するという考え方を何というでしょう？,ドミノ理論,
南チロルやトリエステに代表される、イタリア王国が統一された際もオーストリア領として残存した地域のことを何というでしょう？,未回収のイタリア,
カエサルやアントニウスを魅了してエジプトをローマから守ろうとした、プトレマイオス朝最後の女王は誰でしょう？,クレオパトラ（７世）,
アメリカの西部開発が進むきっかけとなった、自作農の育成を目的として制定された法律は何でしょう？,ホームステッド法,
紙が伝来する前のヨーロッパで動物の皮を加工して作られた、文字を書くための素材を何というでしょう？,羊皮紙（ようひし）,
1620年にメイフラワー号に乗ってイギリスから北アメリカへ移住した、迫害から逃れるピューリタンを中心とした人々のことを何というでしょう？,ピルグリム・ファーザーズ,
スイスとオランダの独立が承認された、1648年に締結された三十年戦争の講和条約は何でしょう？,ウエストファリア条約,
中国・春秋戦国時代に現れた儒家や法家などの思想家を、総称して何というでしょう？,諸子百家,
世界恐慌の影響に対処するためフランスやイギリスが形成した、自国を中心とした閉鎖的な経済体制を何というでしょう？,ブロック経済,
中国の製紙法が西洋に伝わるきっかけとなった、唐とアッバース朝の間で751年に発生した戦いは何でしょう？,タラス河畔の戦い,
ナポレオンのエジプト遠征の際に発見された、古代エジプト文字解読の鍵となった石碑は何でしょう？,ロゼッタ・ストーン,
第１次は1924年に、第２次は1937年に成立した、中国国民党と中国共産党が結んだ協力関係を何というでしょう？,国共合作（こっきょうがっさく）,
山水画にも優れ、「詩中に画あり、画中に詩あり」と評された、孟浩然（もうこうねん）と並び称される中国・唐の詩人は誰でしょう？,王維（おうい）,
カメルーンに始まる17カ国が独立し「アフリカの年」と呼ばれるのは、西暦何年のことでしょう？,1960年,
大型複合施設の「ジュエル」も観光地として人気がある、シンガポールのハブ空港は何でしょう？,チャンギ国際空港,
イパネマやコパカバーナといった美しいビーチが位置する、ブラジルの都市はどこでしょう？,リオデジャネイロ,
戦後いち早く復興し「奇跡の１マイル」と呼ばれた、沖縄県那覇市のメインストリートを「何通り」というでしょう？,国際通り,
それぞれ日本と韓国の会社によって建造された2棟のタワーからなる、クアラルンプールにある超高層ビルは何でしょう？,ペトロナスツインタワー,
「黄金柱（こがねばしら）」や「百枚皿」といった見どころがある、山口県の鍾乳洞は何でしょう？,秋芳洞（あきよしどう）,
シジミなどの７つの名産品は「七珍（しっちん）」と称される、島根県に位置する汽水湖は何でしょう？,宍道湖（しんじこ）,
極地方に近づくほど大きく表示されてしまうという難点がある、緯線と経線が直角に引かれた地図の投影法は何でしょう？,メルカトル図法,
飛行機の最短経路を表す際などに用いられる、中心からの距離と方位が正しく示された地図の図法を何というでしょう？,正距方位図法,
キャラバンの通り道としても利用される、砂漠地帯や乾燥地帯で見られる枯れ川のことを何というでしょう？,ワジ,
立ち枯れた木が残る「デッドフレイ」という地域の景色も見どころの、アフリカ南西部に広がる砂漠は何でしょう？,ナミブ砂漠,
オーストラリアの森林の大半を構成している、コアラの主食としてもおなじみの植物は何でしょう？,ユーカリ,
瀬戸内海の絶景を臨むサイクリングロードとしても人気の、広島県尾道（おのみち）市と愛媛県今治市を結ぶ道路は何でしょう？,しまなみ海道,
正式には「船島（ふなしま）」という、宮本武蔵と佐々木小次郎の決闘の舞台となった関門海峡に浮かぶ小島は何でしょう？,巌流島,
大部分がデンマーク領になっている、北海とバルト海の間に突き出た半島は何でしょう？,ユトランド半島,
オレンジ色の屋根の建物が並ぶ旧市街は「アドリア海の真珠」と称される、クロアチア南部に位置する街はどこでしょう？,ドゥブロブニク,
沖縄戦で戦死した看護隊の女学生たちを祀る、沖縄県糸満市にある慰安塔は何でしょう？,ひめゆりの塔,
ネイティブ・アメリカンが家や集会所の前などに立てた、彫刻を施した柱のことを何というでしょう？,トーテムポール,
アフリカ大陸北西部を東西に走る、ギリシャ神話に登場する巨人の名がついた山脈は何でしょう？,アトラス山脈,
「クリーク」と呼ばれる網目状の人工水路が見られる、稲作が盛んな九州最大の平野は何でしょう？,筑紫平野,
両岸には「ヘラクレスの柱」と呼ばれる奇岩がそびえる、ヨーロッパとアフリカを隔てる海峡は何でしょう？,ジブラルタル海峡,
世界各地の航空路線が集中し、その地域の拠点となっている空港のことを、車両の中心にある車軸にたとえて何というでしょう？,ハブ空港,
中南米では神殿として、古代エジプトでは王の墓として建設されたといわれている、四角錐型の建造物は何でしょう？,ピラミッド,
敷地内にはメトロポリタン美術館などが位置する、ニューヨーク・マンハッタン中心部の公園はどこでしょう？,セントラル・パーク,
嘘吐きの手を食べてしまうという言い伝えでもおなじみの、ローマ市内にある人気の観光スポットは何でしょう？,真実の口,
春の富山湾などでみられる、光の屈折により物が浮き上がったり逆さまに見えたりする現象を何というでしょう？,蜃気楼（しんきろう）,
ニッカウヰスキーのネオン看板がランドマークとなっている、札幌市の歓楽街は何でしょう？,すすきの,
適度に人の手が加えられることにより、生態系のつり合いがとれている地域のことを何というでしょう？,里山,
国土を分断しないようジグザグ状の形をしている、日付を調整するために経度180度付近に引かれた仮想の線を何というでしょう？,日付変更線,
日本に冷夏や暖冬をもたらす、12月ごろにペルー沖で水温が高くなる現象を何というでしょう？,エルニーニョ現象,
中国大陸内陸部の砂漠で巻き上げられた砂が、偏西風に乗って春の日本に飛来する現象を何というでしょう？,黄砂,
「ぬれ煎餅」や「まずい棒」といったお菓子の販売も知られる、千葉県に本社を置く鉄道会社は何でしょう？,銚子電鉄（ちょうしでんてつ）,
「マルーンカラー」で塗装された車両を運行する、神戸線や宝塚線といった路線をもつ関西の私鉄は何でしょう？,阪急電鉄,
特急列車の「スカイライナー」を運行している、東京都内と千葉県北部に路線を有する大手私鉄は何でしょう？,京成電鉄（けいせいでんでつ）,
「SL大樹」や「スペーシアX」といった車両を運行する、東京都墨田区に本社を置く大手私鉄会社は何でしょう？,東武鉄道,
アメリカの五大湖周辺に広がる、鉄鋼業の衰退などが進む地域のことを「何ベルト」というでしょう？,ラストベルト,
フランス革命後には監獄として使用され「海のバスティーユ」と恐れられた、サン・マロ湾に浮かぶフランスの世界遺産は何でしょう？,モン・サン・ミッシェル,
カンボジアの国旗にも描かれている、12世紀に建設され、ヒンドゥー教と仏教の文化が融合して残る寺院は何でしょう？,アンコール・ワット,
「袋ぜり」と呼ばれる独自の方法で競りが行われる、天然フグの卸売りで有名な下関市にある市場は何でしょう？,南風泊市場（はえどまりしじょう）,
毎秒10トン以上の水が流れ落ちる「観光放水」が見どころになっている、富山県東部にある巨大なダムは何でしょう？,黒部ダム,
鼻と鼻をくっつけ合う独特なあいさつでも知られる、ニュージーランドの先住民族は何でしょう？,マオリ族,
亀山上皇が「くまなき月の渡るに似る」と詠んだことに由来する、京都市を流れる桂川に架かる橋は何でしょう？,渡月橋（とげつきょう）,
1959年に締結された条約により、「どこの国の領土でもない」と定められた大陸はどこでしょう？,南極大陸,
ソ連時代には「レニングラード」と呼ばれた、モスクワに次ぐロシア第２の都市はどこでしょう？,サンクトペテルブルク,
フランス側の都市から「カレー海峡」とも呼ばれる、イギリスとフランスを隔てる海峡は何でしょう？,ドーバー海峡,
プティジャン神父による隠れキリシタン発見の地としても知られる、日本に現存する最古のキリスト教建築物である聖堂は何でしょう？,大浦天主堂,
落下する水は途中で霧になるため滝壺が存在しない、979mと世界最大の落差を誇るる滝は何でしょう？,エンジェルフォール,
土着の宗教と融合した独自のヒンドゥー教が信仰されている、インドネシアのリゾート島は何でしょう？,バリ島,
「ドラゴンブルー」と形容される地底湖で知られる、多くのコウモリが生息する岩手県の鍾乳洞は何でしょう？,龍泉洞（りゅうせんどう）,
ツチ族とフツ族の民族抗争による最悪の事態を迎えるも、以降は経済成長を続け「アフリカの奇跡」と呼ばれる国はどこでしょう？,ルワンダ,
高知県民謡『よさこい節』では月の名所と歌われている、坂本龍馬像などで有名な高知市南部の海岸は何でしょう？,桂浜,
地中海沿岸でみられる、石灰岩の風化によって形成される赤い土壌のことを何というでしょう？,テラロッサ,
「信仰の対象と芸術の源泉」として2013年に世界文化遺産に登録された、日本の最高峰である活火山は何でしょう？,富士山,
インドのデカン高原に分布する、玄武岩の風化によって生成された肥沃な土壌を何というでしょう？,レグール,
上半身裸の男達がろうそく立てを囲み叫びながら踊る、インドネシアのバリ島に伝わる民族舞踊は何でしょう？,ケチャ,
仏教遺跡の莫高窟（ばっこうくつ）が位置する、かつてシルクロードの分岐点として栄えた中国の都市はどこでしょう？,敦煌（とんこう）,
ポトマック川を挟んでワシントンD.C.の向かいにある、南北戦争の戦没者を慰霊する目的で建設されたアメリカの墓地は何でしょう？,アーリントン国立墓地,
130もの書店が立ち並ぶ「本の街」として知られる、東京・千代田区の町はどこでしょう？,神保町（じんぼうちょう）,
ハンガリーの首都・ブタペストをブダ地区とペスト地区に隔てている、10カ国以上を通り黒海に注ぐヨーロッパの川は何でしょう？,ドナウ川,
久場（くば）島や魚釣（うおつり）島といった島々からなる、日本と中国で領有権の争いが絶えない沖縄県石垣市の諸島は何でしょう？,尖閣諸島,
ロッキー山脈の東側に吹き下ろす、温暖で乾燥した北米大陸の地方風は何でしょう？,チヌーク,
365段の石段を中心に旅館や土産物店が並ぶ、群馬県渋川市にある温泉は何でしょう？,伊香保温泉,
欄干の無い沈下橋（ちんかばし）が数多く架けられている、高知県南西部を流れる清流は何でしょう？,四万十川,
コーヒーの栽培に適している、玄武岩が風化してできたブラジル高原の土壌は何でしょう？,テラローシャ,
約５kmある外周は定番のランニングコースになっている、現在日本の天皇が平常時に住む場所はどこでしょう？,皇居,
畳には芋の茎、壁にはかんぴょうが仕込まれた「食べられる城」だったという、加藤清正が築いた城は何でしょう？,熊本城,
モスクワからウラジオストクまでおよそ7日間かけて運行する、世界最長の鉄道は何でしょう？,シベリア鉄道,
８つの景観が楽しめる「一目八景（ひとめはっけい）」の眺めも有名な、青の洞門などの見どころがある大分県の景勝地はどこでしょう？,耶馬渓（やばけい）,
ベラージオやシーザーズ・パレスなど数多くのホテルが立ち並ぶ、カジノの町として有名なアメリカ・ネバダ州の都市はどこでしょう？,ラスベガス,
春先には本殿のそばに植えられた「飛梅（とびうめ）」が見ごろを迎える、菅原道真（すがわらの・みちざね）を祀った福岡県の神社は何でしょう？,太宰府天満宮,
センターピボットを用いた大規模な灌漑（かんがい）農業が行われている、ロッキー山脈の東に広がる大平原は何でしょう？,グレートプレーンズ,
船のような外観のパーキングエリア「海ほたる」も有名な、川崎市と木更津市（きさらづし）を結ぶ有料道路は何でしょう？,東京湾アクアライン,
グレートフィッシャーバンクやドッガーバンクといった漁場が位置する海域はどこでしょう？,北海,
年越しのカウントダウンイベントも有名な、巨大な広告掲示板が所狭しと立ち並ぶニューヨーク最大の繁華街は何でしょう？,タイムズスクエア,
地上356mで空中散歩が楽しめる「エッジウォーク」も人気の、トロントにそびえる電波塔は何でしょう？,CNタワー,
多彩な景観が「一歩一景」と称される、香川県高松市の庭園は何でしょう？,栗林（りつりん）公園,
大河のないマヤ文明の貴重な水源となった、ユカタン半島にみられる天然の地底湖を何というでしょう？,セノーテ,
絶景を楽しみながら味わう「郭公（かっこう）だんご」が名物となっている、岩手県一関市にある渓谷は何でしょう？,厳美渓（げんびけい）,
南東にあるクレムリンとともに世界文化遺産に登録されている、モスクワの中心部に位置する広場は何でしょう？,赤の広場,
「向かい合った２頭の恐竜」に例えられる外観をしている、羽田空港のほど近く、東京湾を見渡せる位置にかかる橋は何でしょう？,東京ゲートブリッジ,
弥生土器が洞窟と一体化した「神の壺」が見どころの、高知県香美（かみ）市にある鍾乳洞は何でしょう？,龍河洞,
バンタオビーチやパトンビーチなどのビーチが観光客に人気の、その美しさから「アンダマン海の真珠」と称されるタイの島はどこでしょう？,プーケット島,
後ろ向きにコインを１枚投げ入れるとローマに戻ってこられるという伝説で有名な、ローマにある噴水は何でしょう？,トレヴィの泉,
起伏に富む地形が月の環境に似ており、月面開発に向けた研究拠点が設置されている、鳥取県を代表する観光地はどこでしょう？,鳥取砂丘,
山頂付近には日本のすばる望遠鏡をはじめとした各国の天体観測施設が置かれている、ハワイ諸島の最高峰である火山は何でしょう？,マウナ・ケア,
レタスやタマネギの栽培が盛んに行われている、兵庫県に属する瀬戸内海最大の島はどこでしょう？,淡路島,
ブランデンブルク門から王宮橋（おうきゅうばし）にかけて続く、歴史的建造物が建ち並ぶベルリンの大通りは何でしょう？,ウンター・デン・リンデン,
兵庫県神戸市と淡路市とを結ぶ、「パールブリッジ」の愛称をもつ日本最長の吊り橋は何でしょう？,明石海峡大橋,
岡山県倉敷市と香川県坂出（さかいで）市を結ぶ、本州と四国をつなぐ連絡橋の１つは何でしょう？,瀬戸大橋,
世界最大の島・グリーンランドは、どこの国の領土でしょう？,デンマーク,
ベーカリー「ぽるとがる」のメロンパンが名物グルメとなっている、東名高速道路にある神奈川県のサービスエリアは何でしょう？,海老名サービスエリア,
ライン川の中流に位置する、美しい歌声で船乗りを誘惑するという魔女の伝説が残る岩山は何でしょう？,ローレライ,
石狩川の下流で多く見られる、蛇行した川の一部がとり残されてできた湖を何というでしょう？,三日月湖,
供養のための手ぬぐいや風車が数多く置かれている、イタコの口寄せで有名な青森県の山は何でしょう？,恐山（おそれざん）,
シダレザクラや武家屋敷が観光名所となっている、「みちのくの小京都」と呼ばれる秋田県仙北(せんぼく)市の城下町はどこでしょう？,角館（かくのだて）,
世界で取引される原油の５分の１が行き交い、エネルギー供給の要所となっている、ペルシャ湾とオマーン湾をつなぐ海峡は何でしょう？,ホルムズ海峡,
世界各地から不法投棄された大量の衣服が問題になっている、１年を通して雨がほとんど降らないことが特徴の、チリに広がる砂漠は何でしょう？,アタカマ砂漠,
キリスト教において、神から人間に対して授けられる自己犠牲的な愛のことを何というでしょう？,アガペー,
30枚の銀貨と引き換えにイエスを売ったとされ、「裏切り者」の代名詞として知られる、キリスト教の使徒は誰でしょう？,＜イスカリオテの＞ユダ,
シヴァ、ブラフマーとともにヒンドゥー教の三大神に数えられる、様々な化身を使い分け世界を維持するとされる神は誰でしょう？,ヴィシュヌ,
善の神アフラ＝マズダと暗黒の神アーリマンとの対立により世界が形作られているという「善悪二元論」を特徴とする、「拝火教」の別名をもつ宗教は何でしょう？,ゾロアスター教,
春には道沿いに「関雪桜（かんせつざくら）」が咲き誇る、西田幾多郎（にしだ・きたろう）が思索にふけっていた京都の散歩道は何でしょう？,哲学の道,
英語では「ファンダメンタリズム」という、根本となる理念や教義を厳格に守ろうとする立場のことを「何主義」というでしょう？,原理主義,
人間の欲求を「生理的欲求」から「自己実現の欲求」までの5段階に分類した、アメリカの心理学者は誰でしょう？,アブラハム・マズロー,
巡礼者は周囲を反時計回りに7周する決まりになっている、イスラム教の聖地・メッカにある神殿は何でしょう？,カーバ神殿,
万物の根源は水であると考えた、イオニア学派の祖とされる古代ギリシアの哲学者は誰でしょう？,タレス,
万物の根源は火であると考えた、古代ギリシアの哲学者は誰でしょう？,ヘラクレイトス,
万物の根源は数であると考えた、古代ギリシアの哲学者は誰でしょう？,ピタゴラス,
万物の根源は原子であると考えた、古代ギリシアの哲学者は誰でしょう？,デモクリトス,
万物の根源を火・空気・水・土であると考えた、古代ギリシアの哲学者は誰でしょう？,エンペドクレス,
日本的なキリスト教のあり方を模索し「２つのJ」を唱えた、明治期の思想家は誰でしょう？,内村鑑三（うちむら・かんぞう）,
キリストが自らを羊飼いにたとえたことから、プロテスタントにおける聖職者のことを何というでしょう？,牧師,
人類学者エドワード・タイラーが宗教の起源であるとした、自然界のあらゆる物に霊魂が存在するとみなす信仰を何というでしょう？,アニミズム,
イドラの概念を提唱したことや「知は力なり」という言葉で知られる、フランスの哲学者は誰でしょう？,フランシス・ベーコン,
直交座標系の別名に名を残す、著書『方法序説』の中で残した「我思う、故に我あり」という言葉で有名なフランスの哲学者は誰でしょう？,ルネ・デカルト,
著書『パンセ』の中で「人間は考える葦である」という言葉を残した、自然科学の分野でも多くの功績を残したフランスの哲学者は誰でしょう？,ブレーズ・パスカル,
アメリカの心理学者コリン・チェリーが提唱した、騒がしい空間でも自分に関係のある話題なら聞き取れるという心理効果を何というでしょう？,カクテルパーティー効果,
『愛するということ』や『自由からの逃走』などの著書がある、新フロイト派の一人である精神分析学者は誰でしょう？,エーリッヒ・フロム,
日本神話において、アマテラスオオミカミの命を受けたニニギノミコトが葦原中国（あしはらのなかつくに）を治めるために地上に降りてきた出来事を何というでしょう？,天孫降臨,
一般的な前提から個別の結論を導き出す推論の方法を、「帰納法」に対して何というでしょう？,演繹法,
最初に大きな要求を突きつけ相手に断られたあと、徐々に要求のレベルを下げていく交渉のテクニックを何というでしょう？,ドア・イン・ザ・フェイス,
キリスト教の道徳的価値観を異教の教祖に仮託して批判した、ニーチェの著書は何でしょう？,『ツァラトゥストラはかく語りき』,
著書『孤独な群衆』の中で人間の社会的性格を「伝統指向型」「内部指向型」「他人指向型」に分類した、アメリカの社会学者は誰でしょう？,デヴィッド・リースマン,
インドのカルカッタを拠点に「神の愛の宣教師会」などを設立し、貧しい人々の救済に尽力した修道女は誰でしょう？,マザー・テレサ,
イスラム教徒が生涯に一度は行うべきとされる、聖地メッカへの巡礼のことをアラビア語で何というでしょう？,ハッジ,
左右対称なインクのしみが何に見えるかという反応をもとに、被験者の人格を理解しようとする検査のことを、スイスの精神科医の名前から何というでしょう？,ロールシャッハテスト,
でたらめな綴りの単語をくり返し暗記する実験を行い、時間経過による「忘却曲線」を発見した、ドイツの心理学者は誰でしょう？,ヘルマン・エビングハウス,
念仏を唱えれば誰もが救われるという「専修（せんじゅ）念仏」の思想を説き、浄土宗の開祖となった僧侶は誰でしょう？,法然（ほうねん）,
「人間は自由の刑に処せられている」という言葉を残した、実存主義を代表するフランスの哲学者は誰でしょう？,ジャン・ポール・サルトル,"・「いかなる人間も生きながら神格化されるには値しない」としてノーベル文学賞を辞退
・同時代の作家:カミュとは思想的に対立
・同じく哲学者のボーヴォワールと契約結婚していた"
導入から10年以上経った現在も高い辞退率が問題となっている、選ばれた国民が刑事裁判に参加する制度は何でしょう？,裁判員制度,
死後にはジュネーブ大学での講義をまとめた『一般言語学講義』が出版された、「近代言語学の父」といわれる言語学者は誰でしょう？,フェルディナン・ド・ソシュール,
絶対的な権力を持つ理想国家を旧約聖書の怪物にたとえた、トマス・ホッブズの著作は何でしょう？,『リヴァイアサン』,
「語りえぬものについては、沈黙せねばならない。」という一節が知られる、ウィトゲンシュタインの著作は何でしょう？,『論理哲学論考』,
身分の高い者は相応の社会的責任と義務を果たすべきと考える、欧米に広く浸透する道徳観を何というでしょう？,ノブレス・オブリージュ,
20世紀半ばまでのオーストラリアでとられた、有色人種の移民を制限しようとする政策を何というでしょう？,白豪主義（はくごうしゅぎ）,
1つの重大事故の背景には、29件の軽微な事故と300件の異常が隠れているという法則を「何の法則」というでしょう？,ハインリッヒの法則,
石油や石炭といった枯渇性資源が、今後何年間にわたって生産できるかを示した指標のことを「何年数」というでしょう？,可採年数,
日本国憲法第25条で保障されている、人間らしい生活を送ることができる権利のことを何というでしょう？,生存権,
日本国憲法第38条に定められている、自分にとって不利益な供述を強要されないという権利を何というでしょう？,黙秘権,
日本国憲法第81条に規定されている、法律や命令が憲法に違反するかどうかを審査する裁判所の権限を何というでしょう？,違憲立法審査権,
自らは事業を行わず、未公開会社を買収することを目的に設立された企業のことを、アルファベット4文字で何というでしょう？,SPAC（スパック）,
一定の得票数を獲得できなかった場合は没収される、選挙の立候補者が預けるお金を何というでしょう？,供託金（きょうたくきん）,
ソニーの小型化技術やトヨタの生産管理方式など、企業の強みとなる能力のことを英語で何というでしょう？,コアコンピタンス,
アンケートに答えることで自分の考え方と近い政党を知ることができる、新聞社などが提供するサービスは何でしょう？,ボートマッチ,
内閣の助言と承認に基づき、天皇が国家機関として行う形式的な仕事のことを何というでしょう？,国事行為,
臨時国会や特別国会の冒頭で行われる、内閣総理大臣が自らの政治姿勢や重要課題を述べる演説を何というでしょう？,所信表明演説,
通常国会の冒頭で行われる、内閣総理大臣がその年１年間の基本的政策などを示すために行う演説を何というでしょう？,施政方針演説,
春に行われる「桜の通り抜け」も有名な、日本で流通する貨幣を製造している独立行政法人は何でしょう？,造幣局,
基本的なサービスは無料だが、より高度な機能を有料で提供することで収益を得るビジネスモデルを英語で何というでしょう？,フリーミアム,
消費者金融のように、預金業務をおこなわず、貸出業務のみをおこなう金融機関のことを何というでしょう？,ノンバンク,
現役世代の減少や平均余命の伸びといった社会情勢を反映して、年金の給付水準を自動的に調整する仕組みを何というでしょう？,マクロ経済スライド,
ロシアやフランスで採用されている、大統領制と議院内閣制の両方の要素を取り入れた政治形態を何というでしょう？,半大統領制,
値動きが激しい要素を除いた「コア」や「コアコア」といった種類もある、商品の小売価格の変動を表した経済指標は何でしょう？,消費者物価指数【○：CPI】,
法定通貨などを裏付けとして発行される、価格が大きく変動しないように設計された暗号資産のことを何というでしょう？,ステーブルコイン,
企業の役員や従業員が、あらかじめ決められた価格で自社の株を購入できる権利のことを何というでしょう？,ストックオプション,
企業の財務状況をより良く見せるために、利益を過大に計算する会計処理を何というでしょう？,粉飾決算,
ベストセラーとなった『道は開ける』や『人を動かす』といった自己啓発本を著したアメリカの人物は誰でしょう？,デール・カーネギー,
完全競争市場において、需要価格と供給価格が釣り合ったときの価格を何というでしょう？,均衡価格,
面積や距離の大小を変化させることで、地域ごとの統計データを視覚的に表現した地図を何というでしょう？,カルトグラム,
刑事裁判で、被告人が弁護人を依頼できない場合に、裁判所が用意する弁護士を何というでしょう？,国選弁護人,
さまざまな領域の専門家を集め、政策や社会問題について提言を行う研究機関のことを何というでしょう？,シンクタンク,
ストライキに対抗するため、会社側が作業場所を一時的に閉鎖することを何というでしょう？,ロックアウト,
特許権を保持する企業同士が、お互いの持っている特許を相互に利用し合えるようにする契約のことを何というでしょう？,クロスライセンス契約,
民間の資金やノウハウを活用して公共施設を整備する手法のことを、アルファベット３文字で何というでしょう？,PFI,
マーケティングの用語で、自社の製品を利用する典型的なユーザー像を何というでしょう？,ペルソナ,
人間は必ずしも合理的ではないと想定したうえで研究・分析をする、20世紀に生まれた新しい経済学の分野は何でしょう？,行動経済学,
毎年8月末までに、各省庁が翌年の予算見積りを財務省に提出することを何というでしょう？,概算要求,
大規模な災害の発生直後に現場へと派遣される医療チームのことを、アルファベット4文字で何というでしょう？,DMAT（ディーマット）,
減価償却の際に考慮される、固定資産ごとに設定された使用予定期間のことを何というでしょう？,耐用年数,
金融商品や不動産の売買で得られる利益のことを、利息や配当から得られる「インカムゲイン」に対して何というでしょう？,キャピタルゲイン,
オハイオ州やフロリダ州などがよく挙げられる、アメリカ大統領選において、浮動票が多く激戦地となる州のことを何というでしょう？,スイングステート,
水産業を表す水、農業を表す稲穂、工業を表す歯車がデザインされている日本の硬貨は何でしょう？,五円玉,
消費者が財やサービスを購入することで得られる主観的な満足度のことを、ミクロ経済学の用語で何というでしょう？,効用,
自治体の事務に関する調査のために地方議会が設置する委員会を、根拠となる地方自治法の法律から何というでしょう？,百条委員会,
社会的に弱い立場におかれた人々の声に耳を傾け、意見を代弁して権利を擁護する取り組みを何というでしょう？,アドボカシー,
人口減少や建物の老朽化が原因で、都心部の環境が悪化し都市機能が衰退するという問題を何というでしょう？,インナーシティ問題,
50人以上の従業員がいる職場には選任が義務づけられている、労働者の健康管理をおこなう医師のことを何というでしょう？,産業医,
「どのような行為が犯罪となるか」や「どのような刑罰が科されるか」はあらかじめ法律で定めておくとする、刑法における基本原則を何というでしょう？,罪刑法定主義,
ベストセラーとなった『ホモ・デウス』や『サピエンス全史』などを著した、イスラエルの歴史学者は誰でしょう？,ユヴァル・ノア・ハラリ,
環境、社会、企業統治への配慮が十分な企業に行う投資のことを、アルファベット３文字で「何投資」というでしょう？,ESG投資,
世界自然遺産の候補地の調査や、レッドリストの作成などを行っている、スイスのグランに本部を置く自然保護団体は何でしょう？,IUCN,
国が用途を指定して地方公共団体に交付する資金を総称して何というでしょう？,国庫支出金,
著書『田中角栄研究』は内閣を退陣に追い込んだ、幅広い分野で執筆活動を行い「知の巨人」と称されたジャーナリストは誰でしょう？,立花隆（たちばな・たかし）,
鉄道運賃への導入が検討されている、需要と供給の変動に合わせて商品やサービスの価格を調整する仕組みを何というでしょう？,ダイナミック・プライシング,
春闘などで行われる賃金交渉において、会社が労働組合の要求をそのまま受け入れることを何というでしょう？,満額回答,
投資会社バークシャー・ハサウェイの会長兼CEOを務めている、「投資の神様」として有名なアメリカの資産家は誰でしょう？,ウォーレン・バフェット,
ある国が防衛計画を作るにあたって設定される、将来、軍事的な衝突が想定される国を何というでしょう？,仮想敵国,
クライアントの要求をもとに、実装する機能やセキュリティなどの仕様を明確化する、システム開発の工程を何というでしょう？,要件定義,
地質学や文化人類学などの学問分野で、研究対象がある場所に実際におもむいて行う調査のことを何というでしょう？,フィールドワーク,
大学生向け教科書の「ストゥディア」シリーズや「アルマ」シリーズを刊行する出版社はどこでしょう？,有斐閣（ゆうひかく）,
学術雑誌に投稿された論文の内容を審査し、専門家が掲載の可否を判定する制度を何というでしょう？,査読,
大学のゼミなどで行う、１冊の本を複数人で読み、解釈を深める講義形式を何というでしょう？,輪読,
学術論文をインターネット上で公開し、誰でも無料で閲覧できるようにすることを何というでしょう？,オープンアクセス,
学生からの質問や相談に対応するため、大学の教員が研究室に待機している時間帯を何というでしょう？,オフィスアワー,
シャープやフラットによって変化した音の高さを元に戻すことを指示する、楽譜に使われる記号のひとつは何でしょう？,ナチュラル【○：本位記号】,
楽譜の読み書きをするために必要となる理論や決まりごとを、総称して何というでしょう？,楽典（がくてん）,
オーケストラにおいて、すべての演奏者による合奏のことをイタリア語で何というでしょう？,トゥッティ,
その音色は「天から差し込む光」を表すとされる、17本の竹を束ねた形の楽器は何でしょう？,笙（しょう）,
その音色は「地上の人々の声」を表すとされる、蘆舌（ろぜつ）と呼ばれるリードを差し込んで演奏される雅楽の竹笛は何でしょう？,篳篥（ひちりき）,
日本語では「弱起」という、一拍目以外の弱拍からフレーズを始めることを意味する音楽用語は何でしょう？,アウフタクト,
10弦ギターの発明でも知られる、映画『禁じられた遊び』の劇伴で名高いスペインのギタリストは誰でしょう？,ナルシソ・イエペス,
カエルを模したものはベトナムで「モーコック」と呼ばれ親しまれる、凹凸を棒で擦ったり叩いたりして奏でる楽器は何でしょう？,ギロ,
楽器の演奏法で、和音を構成する音を１音ずつ弾くことを何というでしょう？,アルペジオ,
童謡『ふしぎなポケット』の歌詞で、ポケットを叩くと増えると歌われているお菓子は何でしょう？,ビスケット,
歌曲集『美しき水車小屋の娘』や、『野ばら』『魔王』といった歌曲で知られる、オーストリアの作曲家は誰でしょう？,フランツ・シューベルト,
友人の画家の遺作展から着想を得て作られた、ロシアの作曲家・ムソルグスキーの組曲は何でしょう？,『展覧会の絵』,
一般的には第１バイオリンの首席奏者が務める、演奏者の一員として楽団全体への指導をする役割を何というでしょう？,コンサートマスター,
わずか23年という短い生涯の中で、『花』や『荒城の月』といった歌曲を手掛けた作曲家は誰でしょう？,滝廉太郎（たき・れんたろう）,
音符の上か下に横線を付けて示す、音を十分に伸ばすことを指示する音楽記号は何でしょう？,テヌート,
音符の上か下に点を付けて示す、音を歯切れよく演奏することを指示する音楽記号は何でしょう？,スタッカート,
『シンコペーテッド・クロック』や『トランペット吹きの休日』などの曲を残した、アメリカの作曲家は誰でしょう？,ルロイ・アンダーソン,
『ワシントン・ポスト』や『星条旗よ永遠なれ』などのマーチを手がけ、「マーチ王」と称されたアメリカの作曲家は誰でしょう？,ジョン・フィリップス・スーザ,
『皇帝円舞曲』や『美しき青きドナウ』などのワルツを生み出し、「ワルツ王」と呼ばれたオーストリアの作曲家は誰でしょう？,ヨハン・シュトラウス２世,
尖った爪を用いる「山田流」と、四角い爪を用いる「生田流」の２大流派が存在する、日本の伝統楽器は何でしょう？,箏（こと）,
グノーやシューベルトが作曲したものが有名な、キリスト教の聖母・マリアをたたえた曲は何でしょう？,アヴェ・マリア,
1950年代後半、リオデジャネイロの白人文化の中で生まれた、都会的なサウンドを特徴とする音楽ジャンルは何でしょう？,ボサノバ,
チェロ独奏曲の『白鳥』など全14曲からなる、サン＝サーンスが作曲した組曲は何でしょう？,『動物の謝肉祭』,
音律が安定しているなどの理由からオーケストラの音合わせで最初に音を鳴らす、ダブルリードの木管楽器は何でしょう？,オーボエ,
バイオリンなどの弦楽器を、指で弾いて演奏する方法をイタリア語で何というでしょう？,ピチカート,
「偶然性の音楽』を提唱した、『４分33秒』などの前衛的な作品で知られるアメリカの作曲家は誰でしょう？,ジョン・ケージ,
ラグタイムの名手として知られる、『メイプル・リーフ・ラグ』や『ジ・エンターテイナー』といった曲を残した作曲家は誰でしょう？,スコット・ジョプリン,
第2幕で演奏される『ダッタン人の踊り』がよく知られている、遠征に出るロシアの英雄を主人公としたボロディンのオペラは何でしょう？,『イーゴリ公』,
第2幕で演奏される『剣の舞』がよく知られている、ハチャトゥリアンのオペラは何でしょう？,『ガイーヌ』,
第2幕で演奏される『凱旋行進曲』がよく知られている、ヴェルディのオペラは何でしょう？,『アイーダ』,
第３幕で演奏される『夕星（ゆうづつ）の歌』がよく知られている、ワーグナーのオペラは何でしょう？,『タンホイザー』,
第３幕で演奏される『女心の歌』がよく知られている、ヴェルディのオペラは何でしょう？,リゴレット,
第３幕で演奏される『誰も寝てはならぬ』がよく知られている、プッチーニのオペラは何でしょう？,『トゥーランドット』,
夏の甲子園の大会歌『栄冠は君に輝く』や、『六甲おろし』『闘魂込めて』などの応援歌を作曲した人物は誰でしょう？,古関裕而（こせき・ゆうじ）,
２種類の旋律を繰り返し、曲全体がひとつの大きなクレッシェンドになる構成をとる、ラヴェルのバレエ音楽は何でしょう？,『ボレロ』,
代表曲に『すてきな王子様』や『夢見るシャンソン人形』がある、フレンチ・ポップスで人気を集めた歌手は誰でしょう？,フランス・ギャル,
世間知らずの殿様が、海のない目黒で取れた魚がいいと断言するサゲが有名な、古典落語の演目は何でしょう？,『目黒のさんま』,
『恋とはどんなものかしら』や『もう飛ぶまいぞこの蝶々』といった曲が歌われる、モーツァルト作のオペラは何でしょう？,『フィガロの結婚』,
ジャズとクラシックを融合させ、管弦楽曲『パリのアメリカ人』や『ラプソディ・イン・ブルー』などの作品を残したアメリカの作曲家は誰でしょう？,ジョージ・ガーシュウィン,
「ソソラソラソラ」という歌い出しをはじめ、軽快な擬音が多用されている、野口雨情（のぐち・うじょう）作詞の童謡は何でしょう？,『兎のダンス』,
ロシア５人組やチェコのスメタナに代表される、19世紀半ばに民族主義的な音楽を作った作曲家の流派を何というでしょう？,国民学派,
「日本画」「洋画」「彫刻」「工芸美術」「書」の5つの部門で公募により作品が選ばれる、毎年秋の美術展覧会は何でしょう？,日展（にってん）【○：日本美術展覧会】,
カンタベリー大聖堂やピサ大聖堂に代表される、11～12世紀ごろの西ヨーロッパで流行した建築様式は何でしょう？,ロマネスク様式,
尖塔アーチや大きなステンドグラスが特徴的な、中世後期のヨーロッパで栄えた建築様式は何でしょう？,ゴシック様式,
モザイク壁画やドーム建築が特徴の、ハギア・ソフィア大聖堂などに代表される建築様式は何でしょう？,ビザンツ様式,
偶像崇拝を禁止するイスラム社会で発達した、植物的なモチーフを多用する美術様式は何でしょう？,アラベスク,
古代ギリシャの哲学者たちが一堂に会し議論を交わす様子を描いた、ルネサンス期の画家・ラファエロの絵画は何でしょう？,『アテネの学堂』,
親指を通すための穴が開いているものが多い、絵の具を混ぜ合わせるために使う板を何というでしょう？,パレット,
六代目尾上菊五郎（ろくだいめおのえ・きくごろう）をモデルに制作された、平櫛田中（ひらくし・でんちゅう）による彫刻作品は何でしょう？,『鏡獅子（かがみじし）』,
フェリペ４世の宮廷画家として仕え、『ブレダの開城』や『ラス・メニーナス』といった名作を残した画家は誰でしょう？,ディエゴ・ベラスケス,
代々木第一体育館や東京都庁舎などを設計した、日本を代表する建築家は誰でしょう？,丹下健三（たんげ・けんぞう）,
17世紀頃からヨーロッパで流行した中国趣味の美術様式を、フランス語由来の言葉で何というでしょう？,シノワズリ,
島々に活力を取り戻す「海の復権」というメインテーマを掲げる、3年に一度小豆島（しょうどしま）や直島（なおしま）を舞台に開催される芸術祭は何でしょう？,瀬戸内国際芸術祭,
お寺の柱に縛り付けられた際に涙で鼠を描いたエピソードも有名な、『秋冬山水図（しゅうとうさんすいず）』などの水墨画を残した室町時代の僧侶は誰でしょう？,雪舟,
シテが和紙で作られた蜘蛛の糸を投げつける場面が見どころの、『平家物語』に題材をとった能の演目は何でしょう？,『土蜘蛛（つちぐも）』,
国会議事堂内の『板垣退助像』や、『長崎平和祈念像』などの代表作がある、日本の彫刻家は誰でしょう？,北村西望（きたむら・せいぼう）,
動く被写体に合わせてカメラを動かし、背景をブレさせてスピード感を演出する撮影手法を何というでしょう？,流し撮り,
三味線の演奏に乗せて、一つの物語を節と啖呵（たんか）で演じる、明治時代から始まった語り芸は何でしょう？,浪曲（ろうきょく）,
トルストイの劇『復活』で歌唱した「カチューシャの唄」が大ヒットした、島村抱月（しまむら・ほうげつ）とのスキャンダルも有名な女優は誰でしょう？,松井須磨子（まつい・すまこ）,
野菜や果物にナイフ１本で花などのモチーフを彫り出す、タイの伝統工芸は何でしょう？,カービング,
PIXTA（ピクスタ）やアフロなどの企業が取り扱う、さまざまな用途のためにあらかじめ撮影された写真素材を何というでしょう？,ストックフォト,
パリ・オペラ座の天井画『夢の花束』や、７本指の自画像『私と村』などの作品を残した画家は誰でしょう？,マルク・シャガール,
世界の名画を陶器の板に原寸大で複製し展示している、徳島県鳴門（なると）市にある美術館は何でしょう？,大塚国際美術館,
「この世は舞台、人はみな役者」という劇中の言葉も有名な、アーデンの森を舞台とした恋愛劇を描くシェイクスピアの戯曲は何でしょう？,『お気に召すまま』,
京都の高山寺（こうざんじ）が所蔵する、擬人化されたウサギやカエルがコミカルに描かれた絵巻物は何でしょう？,『鳥獣戯画（ちょうじゅうぎが）』,
古典的な「カヒコ」と現代的な「アウアナ」というスタイルがある、ハワイ伝統の民族舞踊は何でしょう？,フラ,
ヴァトーやフラゴナールに代表される、貴族階級の生活を反映した優美な装飾を特徴とする美術様式は何でしょう？,ロココ美術,
醤油屋の手代・徳兵衛（とくべえ）と遊女のお初の心中事件を描いた、近松門左衛門の浄瑠璃は何でしょう？,『曾根崎心中』,
キャンベルスープ缶やマリリン・モンローを描いた作品を残し、アメリカにおけるポップアートを牽引した芸術家は誰でしょう？,アンディ・ウォーホル,
遊女の梅川（うめかわ）に入れあげる亀屋の忠兵衛（ちゅうべえ）を描いた、近松門左衛門の浄瑠璃は何でしょう？,『冥途の飛脚』,
「雪舟五代」を名乗り狩野派と対立した、代表作に水墨画の『松林図屏風（しょうりんずびょうぶ）』がある画家は誰でしょう？,長谷川等伯（はせがわ・とうはく）,
手工芸の復興を目指し、ウィリアム・モリスらが主導した、産業革命後のイギリスで始まった芸術運動は何でしょう？,アーツ・アンド・クラフツ運動,
バルーンアートの犬を精密に再現した彫刻作品で有名な、アメリカの現代芸術家は誰でしょう？,ジェフ・クーンズ,
鉄橋を走る機関車を不明瞭なタッチで描いた、ウィリアム・ターナーの絵画は何でしょう？,『雨、蒸気、スピード』,
名もなき農民の葬儀を大画面に描き、歴史画の伝統に一石を投じた、フランスの画家ギュスターヴ・クールベの絵画は何でしょう？,『オルナンの埋葬』,
片足で立ち、もう一方の足を真っすぐ後ろへ伸ばす、クラシックバレエの基本姿勢を何というでしょう？,アラベスク,
キリストが水をワインに変える奇跡の場面を描いた、イタリアの画家ヴェロネーゼの絵画は何でしょう？,『カナの婚礼』,
ある芸術家が生涯にわたって制作した作品を振り返る展覧会を何というでしょう？,回顧展,
ある芸術家の全作品とそのデータを網羅した目録のことを、フランス語で何というでしょう？,レゾネ,
オペラで主役をつとめる女性歌手のことをイタリア語で何というでしょう？,プリマドンナ,
花火を題材としたちぎり絵を多く残した、ドラマ『裸の大将』に生涯が描かれた放浪の画家は誰でしょう？,山下清（やました・きよし）,
巨大な鷲と格闘する気迫に満ちた猿の姿を描写した、高村光雲の彫刻作品は何でしょう？,『老猿（ろうえん）』,
陶芸において、ろくろを用いず、手で直接粘土をこねる作り方を何というでしょう？,手びねり,
古典落語『まんじゅうこわい』のオチで、男が「こわい」というものは何でしょう？,お茶,
国が主催するサロンに対抗して創設された、審査無し・出品自由の展覧会をフランス語で何というでしょう？,アンデパンダン,
「きれいは汚い、汚いはきれい」というセリフが有名な、スコットランドの将軍を主人公とするシェイクスピアの戯曲は何でしょう？,『マクベス』,
展示される空間も作品の一部であるとする、現代芸術における表現手法を英語で何というでしょう？,インスタレーション,
客の到来を願って「はね」の部分はすべて内向きになっている、歌舞伎の看板などに用いられる書体は何でしょう？,勘亭流,
怪鳥ステュムファリデスを撃ち落とそうとする英雄の姿をかたどった、アントワーヌ・ブールデルの彫刻は何でしょう？,『弓をひくヘラクレス』,
伝統芸能の能において、面を付けずに素顔の状態で演じることを何というでしょう？,直面（ひためん）,
「少ないことは確かなこと」や「神は細部に宿る」という言葉を残した、「トゥーゲントハット邸」などを手掛けた建築家は誰でしょう？,ミース・ファン・デル・ローエ,
日本銀行本店や東京駅の赤レンガ駅舎の設計を手掛けた、明治・大正期の建築家は誰でしょう？,辰野金吾（たつの・きんご）,
パリ・モンマルトルのダンスホールに集まった人々の姿を描写した、オルセー美術館に所蔵されているルノワールの絵画は何でしょう？,『ムーラン・ド・ラ・ギャレット』,
建物の顔となるため西洋建築で重要視される、道路や広場に面する建物の正面部分のことをフランス語で何というでしょう？,ファサード,
使い込むことによる器の色の変化は「七化け（しちばけ）」と称される、山口県で生産されている陶器は何でしょう？,萩焼（はぎやき）,
ニューヨークの地下鉄構内に描いた絵で話題を集めた、グラフィティ・アートの先駆者であるアメリカの芸術家は誰でしょう？,キース・へリング,
イスラム建築の壁などに見られる、植物のつるや葉っぱをモチーフにした曲線的な模様を何というでしょう？,アラベスク,
受賞の証である「Gマーク」もおなじみの、有形無形のあらゆるデザインを対象とする賞は何でしょう？,グッドデザイン賞,
山伏に扮した義経一行が安宅関（あたかのせき）を越えようとする場面を描いた、歌舞伎十八番の一つは何でしょう？,『勧進帳』,
長崎の『二十六聖人殉教者像』や田沢湖の『たつ子像』などの代表作がある、日本の彫刻家は誰でしょう？,舟越保武（ふなこし・やすたけ）,
「1925年様式」とも呼ばれる、20世紀前半に欧米で流行した、幾何学的なデザインを特徴とする美術様式は何でしょう？,アール・デコ,
日本でシベリアン・ハスキーブームを巻き起こした、札幌の「H大学獣医学部」を舞台とした佐々木倫子（ささき・のりこ）の漫画は何でしょう？,『動物のお医者さん』,
腹部には大理石で出来た卵を抱えている、巨大な蜘蛛を象ったルイーズ・ブルジョワの彫刻作品は何でしょう？,『ママン』,
巨大な犬の彫刻『あおもり犬』や目つきの鋭い少女の絵で知られる、日本の現代アーティストは誰でしょう？,奈良美智（なら・よしとも）,
アルルで活動した時期にはゴーギャンと共同生活を送った、『夜のカフェテラス』や『星月夜（ほしづきよ）』を描いた画家は誰でしょう？,フィンセント・ファン・ゴッホ,
和泉流（いずみりゅう）と大蔵流（おおくらりゅう）が二大流派とされる、庶民の日常生活を面白おかしく演じる日本の伝統芸能は何でしょう？,狂言,
金箔をふんだんに用いた『ユディトⅠ（いち）』や『接吻』などの作品を残したオーストリアの画家は誰でしょう？,グスタフ・クリムト,
巨人・ゴリアテとの戦いに挑む青年の姿をかたどった、ミケランジェロの彫刻は何でしょう？,『ダビデ像』,
宮崎英高（みやざき・ひでたか）が代表取締役社長を務める、「アーマードコア」シリーズや『ELDENRING（エルデン・リング）』を制作したゲーム会社は何でしょう？,フロムソフトウェア,
FPSなどのゲームにおいて、武器の照準を敵に合わせることを何というでしょう？,エイム,
どのような状態からでも20手以内に揃えられることが証明されている、立方体の6つの面の色を揃えることを目指すパズルは何でしょう？,ルービックキューブ,
「TGS」と略して呼ばれる、毎年秋に幕張メッセで開催されるコンピューターゲームの見本市は何でしょう？,東京ゲームショウ,
バウンティハンターのサムス・アランを主人公とする、任天堂のアクションゲームシリーズは何でしょう？,『メトロイド』シリーズ,
『二ノ国』シリーズ、『イナズマイレブン』シリーズ、『レイトン教授』シリーズといったゲームを販売している企業はどこでしょう？,レベルファイブ,
不安定な遺伝子をもち、シャワーズ、サンダース、ブースターなどに進化する、人気のポケモンは何でしょう？,イーブイ,
オンラインゲーム終了後にいわれる「GG」とは、何という英語の略でしょう？,GoodGame,
アニメ『葬送のフリーレン』のフリーレン役や、『SPY×FAMILY』のアーニャ役などを演じた声優は誰でしょう？,種崎敦美（たねざき・あつみ）,
少年ケントとともに子犬たちが町のトラブルに立ち向かう、カナダ発祥のテレビアニメは何でしょう？,『パウ・パトロール』,
『ストロボ・エッジ』『アオハライド』『思い、思われ、ふり、ふられ』などの代表作がある少女漫画家は誰でしょう？,咲坂伊緒（さきさか・いお）,
4人のレビュアーによる「クロスレビュー」が名物企画となっている、35年以上の歴史があるゲーム雑誌は何でしょう？,『週刊ファミ通』,
映画やアニメの制作に必要な資金を、スポンサー企業が共同で出資する製作方法を「何方式」というでしょう？,製作委員会方式,
プレイヤーは個性豊かなエージェントを操作し、５対５のチームに分かれて各ラウンドを戦う、ライアットゲームズのFPSは何でしょう？,『VALORANT』,"エージェント→valorant
レジェンド→リーグ・オブ・レジェンド
ヒーロー→オーバーウォッチ"
眼鏡をかけた牛のイラストを自画像として用いている、代表作に『鋼の錬金術師』がある漫画家は誰でしょう？,荒川弘（あらかわ・ひろむ）,
『科学忍者隊ガッチャマン』や「タイムボカン」シリーズといったアニメを制作したアニメスタジオは何でしょう？,タツノコプロ,
カードゲームの試合で、同じコンセプトで組まれたデッキ同士の対戦を何というでしょう？,ミラーマッチ,
リュウや春麗（チュンリー）などのファイターが一対一で戦う、カプコンの対戦格闘ゲームシリーズは何でしょう？,『ストリートファイター』シリーズ,
「アニメの常識を覆したい」という思いから「アニメーション」の綴りを逆にした名前がつけられた、フジテレビの深夜アニメ放送枠は何でしょう？,ノイタミナ,
達成率を気にしない「Any％」などの種類がある、ゲームをどれだけ早くクリアできるかを競う遊び方を何というでしょう？,RTA,
決められたピースをボードの枠にぴったり収まるように配置していく、スワヒリ語で「脳」という意味の名がつけられたボードゲームは何でしょう？,『ウボンゴ』,
ある国で作られたゲームなどを、他の国でも利用できるように翻訳などの修正を加えることを何というでしょう？,ローカライズ,
『メイジアン・カンパニー』や『キグナスの乙女たち』といった続編も人気の、佐島勤（さとう・つとむ）のライトノベルは何でしょう？,『魔法科高校の劣等生』,
霧に覆われた表世界とおぞましい裏世界を行き来しながら物語を進める、コナミのホラーゲームシリーズは何でしょう？,『SILENTHILL』,
欧米のアニメ収録では主流となっている、先にセリフを収録して後から映像を制作する手法を何というでしょう？,プレスコ,
「うさぎ定石」や「ねずみ定石」といえば、何というボードゲームで用いられる宝石でしょう？,オセロ,
戦闘機のカラーリングから「赤い彗星」の異名で呼ばれる、アニメ『機動戦士ガンダム』に登場するエースパイロットは誰でしょう？,シャア・アズナブル,
「MF文庫J」「スニーカー文庫」「電撃文庫」といったライトノベルレーベルを展開する出版社はどこでしょう？,KADOKAWA,
毎年8月末にさいたまスーパーアリーナで開催される、「アニサマ」の通称でも呼ばれる世界最大級のアニソンライブイベントは何でしょう？,アニメロサマーライブ,
少女漫画雑誌の『LaLa』や『花とゆめ』を刊行している出版社は何でしょう？,白泉社（はくせんしゃ）,
プレイヤーは宝石商となって資産を築くことを目指す、人気のボードゲームは何でしょう？,『宝石の煌めき』,
アニメキャラの担当声優を意味する「CV」とは、何という和製英語の略でしょう？,キャラクターボイス,
「エンディングまで、泣くんじゃない」などのキャッチコピーも有名な、糸井重里（いとい・しげさと）がプロデュースを手がけたRPGシリーズは何でしょう？,『MOTHER』シリーズ,
「しみチョココーン」「アスパラガス」「たべっ子どうぶつ」などのお菓子を販売している食品メーカーは何でしょう？,ギンビス,
焼き肉屋でお馴染みの「サガリ」や「ハラミ」といえば、牛のどこの部位を指す言葉でしょう？,横隔膜,
コンサートの会場にお祝いとしてファンから贈られる、花束を台に乗せた立て飾りを何というでしょう？,フラワースタンド,
あらゆる機械製品に利用され「機械産業のコメ」の別名を持つ、回転部分の摩擦を減らして運動を滑らかにする部品は何でしょう？,ベアリング,
加熱式タバコの「glo（グロー）」や、「ケント」「ラッキーストライク」といった銘柄を製造・販売している株式会社は何でしょう？,ブリティッシュ・アメリカン・タバコ,
レストランにおいて、料理長の業務を補佐する「副料理長」のことをフランス語で何というでしょう？,スーシェフ,
自分の車のライトと対向車のライトが重なった際、その場所にいる歩行者が運転席から見えなくなる現象を何というでしょう？,蒸発現象,
競技カルタにおいて、互いの陣地の札がともに最後の１枚になった試合を何というでしょう？,運命戦,
ケシの花をモチーフにした「ウニッコ柄」で知られる、フィンランドのアパレルブランドは何でしょう？,マリメッコ,
カードやコインを使うものが多い、少人数の観客に対して至近距離で行うマジックのことを「何マジック」というでしょう？,クローズアップマジック,
ウイスキーの香りと味わいをじっくりと堪能できる、常温の水を同じだけ加えて頂く飲み方を何というでしょう？,トワイスアップ,
長さ8.8mのサナダムシの展示が目玉になっている、医師の亀谷了（かめがい・さとる）が設立した、東京にある寄生虫専門の博物館は何でしょう？,目黒寄生虫館,
ウェブページのURLを変更した後、古いページを訪れたユーザーを自動的に新しいページへ転送する仕組みを何というでしょう？,リダイレクト,
楽器メーカーのカワイ、ヤマハ、ローランドが本社を置く、静岡県の都市はどこでしょう？,浜松市,
将棋で、玉を盤の隅の香車の下に潜らせ、金将と銀将で周りを固める囲いのことを何というでしょう？,穴熊,
将棋で、自分の飛車を左側に動かしてから戦う戦法を、「居飛車」に対して何というでしょう？,振り飛車,
26歳までに四段に昇格できないと原則として退会となる、将棋棋士の養成機関を何というでしょう？,奨励会,
日本での対局では六目半とされることが一般的な、囲碁で後手に与えられるハンデを何というでしょう？,コミ,
囲碁において、どちらか一方の投了により勝負がつくことを何というでしょう？,中押し（ちゅうおし）,
囲碁や将棋の対局後に駒を並べ直し、ある局面の最善手や勝因・敗因などについて意見交換を行うことを何というでしょう？,感想戦,
囲碁や将棋の対局が日をまたぐときに、手番を持つ棋士が翌日の最初の一手を紙に書き、立会人に預けておくことを何というでしょう？,封じ手,
表計算ソフトにおいて、文字や数式を入力する1つ1つのマスのことを何というでしょう？,セル,
表計算ソフトにおいて、選択したセルの端をドラッグすることで連続したデータなどを簡単に入力できる機能を何というでしょう？,オートフィル,
表計算ソフトなどのデータを値ごとにコンマで区切ったファイルの形式を、アルファベット３文字で何というでしょう？,CSV,
「おいしくて、つよくなる」のキャッチコピーも有名な、江崎グリコが販売しているビスケット菓子は何でしょう？,ビスコ,
カカオ豆の仕入れからチョコレートの販売までを自社内で一貫して行う製造スタイルを、「カカオ豆から板チョコまで」を意味する英語で何というでしょう？,BeantoBar,
透明なマウスピースを装着して歯並びを治す、近年普及している歯科矯正法を何というでしょう？,インビザライン,
美容整形手術を受けてから、痛みや腫れが引いて通常の生活に戻れるようになるまでの期間のことを何というでしょう？,ダウンタイム,
自動車のタイヤを交換するときに使用する、油圧などを利用して重たいものを持ち上げる装置を何というでしょう？,ジャッキ,
業務時間の一部を好きなことに使える「15%カルチャー」も知られる、付せんの「ポスト・イット」を販売するアメリカの企業は何でしょう？,3M（スリーエム）,
ご飯の中央に梅干しをのせた弁当のことを、日本の国旗に例えて何というでしょう？,日の丸弁当,
トランプゲームのブラックジャックで、手持ちのカードの合計が21を越えて失格になることを何というでしょう？,バースト,
トランプゲームのハーツにおいて、マイナス点となるスペードのクイーンとハートのカード全てを集めることを何というでしょう？,シュート・ザ・ムーン,
ポーカーにおいて、手持ちのチップをすべてベットすることを何というでしょう？,オールイン,
ポーカーにおいて、ゲームの最後にカードを見せ合い、誰が勝利したのかを決めるフェーズのことを何というでしょう？,ショーダウン,
パチスロで、狙った絵柄を出せるよう、回転するリールを正確に止める技術を何というでしょう？,目押し,
「見る」「食べる」「遊ぶ」という３つの動詞から名づけられた、JTBパブリッシングが刊行する旅行ガイドブックシリーズは何でしょう？,『るるぶ』,
夫婦そろって長生きすることを願い、結納の際に贈られる白い麻糸のことを何というでしょう？,共白髪（ともしらが）,
冬のトイレやお風呂場などで起きやすい、極端な温度差によって心臓や血管に異常が生じることを何というでしょう？,ヒートショック,
故人をしのぶ涙を象徴することから、葬式の場でも身に着けてよいとされる宝石は何でしょう？,真珠,
グラスのふちに塩や砂糖をまぶして積もった雪を表現する、カクテルの技法は何でしょう？,スノースタイル,
汁気の多い料理を食べるとき、お箸の先から汁をポタポタとこぼしてしまうマナー違反を何というでしょう？,涙箸（なみだばし）,
身が柔らかいため「吊るし切り」という方法で捌かれる、珍味の「あん肝」がとれる魚は何でしょう？,アンコウ,
「NOMUSICNOLIFE」というコーポレートボイスを掲げる、渋谷に旗艦店(きかんてん)を置くCDショップチェーンは何でしょう？,TOWERRECORDS,
雑草の生育を防いだり土壌を保温するために、畑の地面をビニールなどで覆うことを何というでしょう？,マルチング,
睡眠改善薬の「ドリエル」や、鎮痛薬の「イブ」などを販売している、日本の医薬品メーカーは何でしょう？,エスエス製薬,
スキンケアの肌ラボや、社名を冠した目薬などを販売している、日本の医薬品メーカーは何でしょう？,ロート製薬,
E便秘薬や手ピカジェルなどを販売している、日本の医薬品メーカーは何でしょう？,健栄製薬,
消臭元や熱さまシートなどを販売している、日本の医薬品メーカーは何でしょう？,小林製薬,
インフルエンザ治療薬のゾフルーザなどを販売している、日本の医薬品メーカーは何でしょう？,シオノギ製薬,
ポカリスエットやカロリーメイトなどを販売している、日本の医薬品メーカーは何でしょう？,大塚製薬,
パブロンやリポビタンDなどを販売している、日本の医薬品メーカーは何でしょう？,大正製薬,
風邪薬のストナや鼻腔拡張テープのブリーズライトなどを販売している、日本の医薬品メーカーは何でしょう？,佐藤製薬,
フェイタスやサロンパスなどを販売している、日本の医薬品メーカーは何でしょう？,久光（ひさみつ）,
「コマセ」という餌で魚をおびき寄せてから釣る、初心者でも手軽に楽しめる釣りの方法は何でしょう？,サビキ釣り,
味のしみこみを良くするために、食材に軽く切れ込みを入れることを何というでしょう？,隠し包丁,
縄張り意識を利用した「友釣り」という方法で釣り上げる、よく塩焼きにして食べられる魚は何でしょう？,アユ,
跳び箱を飛ぶときに用いるばねのついた踏み切り板のことを、開発者の名前から何というでしょう？,ロイター板,
食器ブランドの「アラビア」や「イッタラ」が創業された北欧の国はどこでしょう？,フィンランド,
赤ワインと同じ製法で白ブドウを皮ごと熟成させて醸造するワインのことを、その色から何というでしょう？,オレンジワイン,
年末商戦の幕開けとして大規模なセールが実施される、感謝祭翌日の11月の第4木曜日を何というでしょう？,ブラックフライデー,
テーブルには味わいが異なる５種類の醤油が置かれている、ゼンショーグループが展開する回転寿司チェーンは何でしょう？,はま寿司,
多くの提灯をさげた竹竿を稲穂に見立て、高く掲げて街を練り歩く、毎年夏に秋田で開催される祭りは何でしょう？,秋田竿灯まつり,
北海道の自衛隊員が訓練の名目で雪像（せつぞう）作りに協力している、毎年２月に札幌市で開催される祭りは何でしょう？,さっぽろ雪まつり,
平安時代の衣装をまとった人々が行列をなす「路頭の儀」で知られる、京都三大祭りのひとつは何でしょう？,葵祭,
一杯目はそのまま、二杯目は薬味を乗せ、三杯目はお茶漬けにして食べるのが一般的とされる、うなぎを使った名古屋名物は何でしょう？,ひつまぶし,
スーパー・スターやスタン・スミスなどのスニーカーで有名な、世界的なスポーツブランドは何でしょう？,アディダス,
底が赤く塗られた「レッドソール」で有名な、ハイヒールや高級婦人靴を手掛けるフランスのファッションブランドは何でしょう？,クリスチャン・ルブタン,
ソール部分に施される黄色いステッチでも知られる、独自の「エアクッションソール」を採用しているイギリスの革靴ブランドは何でしょう？,ドクターマーチン,
「店前（たなさき）売り」や「現金掛け値なし」などの販売手法で大いに繁盛した、現在の三越百貨店の前身にあたる江戸時代の呉服屋は何でしょう？,越後屋（えちごや）,
もともとは氷を運ぶために使われ、丈夫なキャンバス生地でできたものが多い、角形の手提げかばんを何というでしょう？,トートバッグ,
「らっきょう玉」と呼ばれる金属製の口金がついた小型の財布のことを、ある生き物の口に見立てて何というでしょう？,がま口,
臭い消しのためにレモンなどの果汁を入れることもある、西洋料理で食事中に指先を洗うために水を入れた小鉢のことを何というでしょう？,フィンガーボウル,
テーブルタップなどを使い、１つのコンセントに複数の電気機器を接続することを何というでしょう？,たこ足配線,
チェスにおいて、チェックはかかっていないものの、どの駒も動かせず引き分けが成立することを何というでしょう？,ステイルメイト,
チェスにおいて、キングとルークの位置を１手で入れ替える、特殊な駒の動かし方を何というでしょう？,キャスリング,
泳いでいる姿に見立てるため、焼き魚を作る際に魚の体をうねらせて串を打つ方法を何というでしょう？,踊り串,
「大人のデザート」をコンセプトに、もこもこの素材で着心地にこだわったルームウェアを展開するブランドは何でしょう？,ジェラートピケ,
サバイバルゲームにおいて、既に弾が当たっているにもかかわらずヒットのコールをしないままゲームを続行する行為を何というでしょう？,ゾンビ行為,
「らくだと王子」のロゴで知られる、世界各地のお茶や紅茶を販売するブランドは何でしょう？,LUPICIA（ルピシア）,
エカチェリーナ２世に献上された「フローラダニカ」などのシリーズで名高い、デンマークを代表する陶磁器ブランドは何でしょう？,ロイヤルコペンハーゲン,
「波の戯れ」や「ブルーオニオン」といったシリーズが有名な、２本の剣がクロスしたロゴで知られるドイツの陶磁器メーカーは何でしょう？,マイセン,
「ワイルドストロベリー」や「ジャスパーウェア」といったシリーズで有名な、イギリスの陶磁器メーカーは何でしょう？,ウェッジウッド,
約１万匹のクラゲが泳ぐ「クラネタリウム」が見どころとなっている、山形県の水族館は何でしょう？,加茂水族館,
世界の建造物が25分の１スケールで再現されている、栃木県の屋外テーマパークは何でしょう？,東武ワールドスクウェア,
釣りにおいて、自分の釣り糸と他人の釣り糸が絡まってしまうことを俗に何というでしょう？,おまつり,
結婚式や成人式に先立ち、当日と同じ衣装を着て記念写真を残すことを何というでしょう？,前撮り,
ハイライトやシェーディングで陰影をつけることで、顔に立体感を生み出し小顔に見せるメイクを何というでしょう？,コントゥア,
「パールグロウハイライト」や「超細芯アイブロウ」といったアイテムで人気のコスメブランドは何でしょう？,セザンヌ,
ダンベルやマシンなどを使用せず、自分自身の体重を負荷として行う筋力トレーニングを何というでしょう？,自重トレーニング,
東日本、中日本、西日本の３社に分かれて運営を行っている、高速道路の管理・運営を行う日本の企業は何でしょう？,NEXCO,
ロンドンの地図職人が国境線を学ばせるために作ったものが世界初とされる、ピースをはめていくおなじみのパズルは何でしょう？,ジグソーパズル,
生活の悩みについて警察に相談できる「警察相談専用電話」の番号は、シャープいくつでしょう？,#9110,
モニターに次々と表示される数字を足し合わせていく形式の暗算を何というでしょう？,フラッシュ暗算,
北京ダックのつけダレに使われることが多い、中華料理で用いられる甘辛い味噌は何でしょう？,甜麵醬（テンメンジャン）,
お葬式の準備を連想させることから縁起が悪いとされる、門松などを大晦日に飾り付けることを何というでしょう？,一夜飾り,
もつ煮込みを専門にする「もつ次郎」が併設されている店もある、関東を中心に展開するそばチェーン店は何でしょう？,ゆで太郎,
切れ目なくタバコを吸い続ける人のことを、「何スモーカー」というでしょう？,チェーンスモーカー,
もともとはカブを用いて作られていた、ハロウィンで飾られるカボチャをくりぬいたランタンは何でしょう？,ジャック・オ・ランタン,
一般的な老眼鏡に使われているレンズは、凹レンズ・凸レンズのどちらでしょう？,凸レンズ,
間取り図ではよく「J」と表現される、部屋の広さを指す単位は何でしょう？,畳（じょう）,"WIC→ウォークインクローゼット
MB→メーターボックス
PS→パイプスペース"
ゲーミングモニターの性能の指標となる、１秒間に画面がどれだけ書き換わるかを示す指標は何でしょう？,リフレッシュレート,
「fps」という単位で表される、出力機器が１秒間に何枚の画像を送信できるかを示す指標は何でしょう？,フレームレート,
手のひらサイズの「パームイン」も人気の、パナソニックが展開するシェーバーブランドは何でしょう？,ラムダッシュ,
「食の幸」「きほんのき」「みなさまのお墨付き」といったプライベートブランドを展開している、大手スーパーマーケットチェーンは何でしょう？,西友,
「クロエ」や「カルティエ」などのブランドを傘下に持つ、スイスのコングロマリットは何でしょう？,リシュモン,"ディオールやルイヴィトンを傘下→LVMH（エルヴェエムアッシュ）
バレンシアガやグッチを傘下→ケリング"
破損したハードディスクなどからデータを取り出す作業のことを、沈没船の引き上げ作業に例えて何というでしょう？,サルベージ,
折れ曲がった耳が特徴の、スコットランドに起源をもつネコの品種は何でしょう？,スコティッシュフォールド,
いくつかの食材を別々の鍋で煮込んでから1つの器に盛り合わせる、和食の料理方法を何というでしょう？,炊き合わせ,
22枚の大アルカナと56枚の小アルカナからなる、占いなどに用いられるカードを何というでしょう？,タロットカード,
１匹ずつ焼いたものを「天然」、一度に複数焼いたものを「養殖」と呼ぶことがある、ある魚をかたどった和菓子は何でしょう？,たい焼き,
「ぼっち盛り」と呼ばれる独特な盛り付け方をされる、日本三大そばに数えられる長野県の蕎麦は何でしょう？,戸隠そば,
前後にボタンなどが付いておらず、頭からすっぽり被って着るタイプの服を英語で何というでしょう？,プルオーバー,
アプリのアイコンの右上に表示される、未読メッセージの件数などを表した数字を何というでしょう？,バッジ,
通信回線とインターネットをつなげる役割を担う接続事業者のことを、英語で何というでしょう？,プロバイダ,
かつて心臓につながる血管が通ると信じられていた名残から、結婚指輪をつける指とされるのは、左右どちらの手のどの指でしょう？,左手の薬指,
冷たいバニラアイスの上から熱々のエスプレッソを注いだ、イタリア生まれのデザートは何でしょう？,アフォガート,
「エアフォース1」や「エアマックス」などのスニーカーで人気のシューズブランドは何でしょう？,Nike（ナイキ）,
商品クチコミをもとに毎年「ベストコスメアワード」を発表している、日本最大のコスメ・美容の総合サイトは何でしょう？,@cosme（アットコスメ）,
東京都内で人気の「宿六（やどろく）」「丸豊（まるとよ）」「ぼんご」といえば、どんな料理の専門店でしょう？,おにぎり,
デザインソフトにおいて、囲んだ範囲にあるオブジェクトを選択する機能を何というでしょう？,投げ縄ツール,
メキシコ料理のタコスやブリトーを包むのに使われる、トウモロコシの粉を練り、薄く焼いた食べ物は何でしょう？,トルティーヤ,
体の前で掲げるとSOSのサインとなる、目の不自由な人が用いる、まわりの様子をさぐるための杖のことを何というでしょう？,白杖（はくじょう）,
キッチンの近くに設けられる、食器や常温保存可能な食品を収納するスペースを何というでしょう？,パントリー,
ワインづくりで余った卵黄を有効活用するために生み出された、縦に溝が入った王冠のような形の焼き菓子は何でしょう？,カヌレ,
「机の広さ」にたとえて性能を説明することもある、パソコンが持つ記憶装置のひとつは何でしょう？,メモリ,
都市型ホテルの「OMO（オモ）」やリゾートホテルの「リゾナーレ」の運営を行なっている、1914年に軽井沢で創業された老舗企業は何でしょう？,星野リゾート,
お菓子などが入った窓を１日に１つずつ開けていき、クリスマスまでの日数を数えるカレンダーを何というでしょう？,アドベントカレンダー,
熱したサウナストーンに水やアロマオイルをかけることで蒸気を発生させる、フィンランド式サウナの入浴法は何でしょう？,ロウリュ,
紅茶のアールグレイの香りづけに用いられる、白い花を咲かせるミカン科の植物は何でしょう？,ベルガモット,
「ん」がつく食べ物を食べたり柚子湯に浸かったりする風習がある、二十四節気の一つは何でしょう？,冬至（とうじ）,
プレゼンテーションソフトにおいて、画像や資料などを次々と切り替えながら画面に表示させる機能を何というでしょう？,スライドショー,
閉店時間の30分前ほどに設けられることが多い、飲食店において、注文を受け付ける制限時間を何というでしょう？,ラストオーダー,
自身は性的マイノリティではないものの、その活動を支援する人々のことを何というでしょう？,アライ,
ボウリング場のマナーで、隣のレーンと投球のタイミングが被ったとき、優先されるのは右側のレーン、左側のレーンのどちらでしょう？,右側のレーン,
テーブルを数回叩くことで意思表示をする、ポーカーにおいて、チップを賭けずに自分の番をパスするアクションを何というでしょう？,チェック,
キャメル地に黒・白・赤のラインが入ったチェック柄のアイテムで知られる、イギリスのファッションブランドは何でしょう？,バーバリー,
アメリカンフットボールで攻撃の司令塔の役目を果たす、「QB」と略されるポジションは何でしょう？,クオーターバック,
ラグビーで、タックルを受けながら味方選手に放るパスを何というでしょう？,オフロードパス,
腕を大きく1回転させて投球する、ソフトボールでもっともポピュラーな投げ方を何というでしょう？,ウインドミル,
サーフボードに腹ばいになり手で水をかいて進む、サーフィンの基本動作は何でしょう？,パドリング,
サッカーの試合の大部分を占めることから重要とされる「ボールを持っていない時間」のことを、英語で何というでしょう？,オフ・ザ・ボール,
サッカーのフィールドで、監督やコーチが選手に指示を出すために待機しているエリアを何というでしょう？,テクニカルエリア,
サッカーやラグビーで、反則を受けたチームが有利になると判断された場合に、プレーが継続されるルールを何というでしょう？,アドバンテージ,
偉大な業績を残したスポーツ選手を記念して、他の人がつけることができなくなった背番号を何というでしょう？,永久欠番,
アーチェリーの的で、真ん中の部分は何色をしているでしょう？,黄色,
競泳で、個人メドレーでは３番目、メドレーリレーでは２番目に行われる泳法は何でしょう？,平泳ぎ,
水泳の背泳ぎやクロールで行われる、水中で一回転し、プールの壁を足で蹴るターンを何というでしょう？,クイックターン,
柔道で、抑え込みで一本を取るためには、何秒間相手を抑え込む必要があるでしょう？,20秒,
引退セレモニーでの「我が巨人軍は永久に不滅です」の言葉も有名な、王貞治とともに黄金期の巨人を牽引した野球選手は誰でしょう？,長嶋茂雄（ながしま・しげお）,
先発投手が６イニング以上を投げ、自責点を３点以内に抑えた際に記録される、野球の成績評価の指標は何でしょう？,クオリティスタート,
プロ野球の試合で、ホームチームの攻撃は、ふつう先攻、後攻のどちらでしょう？,後攻,
ブレイクダンスにおいて、激しい動きの最中に動きをピタッと止める技を何というでしょう？,フリーズ,
ウィンドミルやヘッドスピンのように、ブレイキンにおけるダイナミックな大技を何というでしょう？,パワームーヴ,
フットサルのルールで、キックインやコーナーキックといったプレイは何秒以内に始めなければならないでしょう？,4秒,
ビーチバレーにおいて有利とされるのは、風上側、風下側のどちらでしょう？,風下側,
ボールを投げることが出来ない選手は「ランプ」という補助器具を使う、目標となる白いボールに自分のボールを近づけるパラスポーツは何でしょう？,ボッチャ,
中学時代から続く公式戦の連勝記録を現在も伸ばし続けている、女子53キロ級で活躍する日本人レスリング選手は誰でしょう？,藤波朱理（ふじなみ・あかり）,
スピード、規定、フリースタイル、フュージョンの4種目がある、２本のロープを使った縄跳びのことを何というでしょう？,ダブルダッチ,
バレーボールで、サーブ権を得たチームが時計回りにポジションを移動することを何というでしょう？,ローテーション,
優勝クラブには「ビッグイヤー」と呼ばれるトロフィーが授与される、毎年、欧州サッカー連盟が主催する大会は何でしょう？,UEFAチャンピオンズリーグ,
スキージャンプ競技において、各ジャンプ台における最長不倒記録のことを何というでしょう？,バッケンレコード,
スキージャンプにおいてより飛距離が伸びるのは、追い風のとき、向かい風のときのどちらでしょう？,向かい風,
優勝者が「キング・オブ・スキー」として讃えられる、スキージャンプとクロスカントリーを組み合わせたウィンタースポーツは何でしょう？,ノルディック複合,
規則的なコブが設置された雪の斜面をターンやエアを交えて滑り降りる、フリースタイルスキーのひとつは何でしょう？,モーグル,
モーグルの３つの採点方法のうち、スコア全体の60%と最も高い比重を占めるものは何でしょう？,ターン,
障害物やジャンプ台が設置されたコースを滑りながら様々な技を披露する、スキーやスノーボードで行われる種目は何でしょう？,スロープスタイル,
ボートなどに乗らず、自分の体ひとつで川の流れに乗って渓谷を下るアクティビティを何というでしょう？,キャニオニング,
次の動作に入りやすくするため、テニスで相手がボールを打つ直前に小さくジャンプすることを何というでしょう？,スプリットステップ,
クロスに打たれたボールを端からサイドラインに沿って打ち返す、テニスにおけるショットの一つは何でしょう？,ダウン・ザ・ライン,
一歩踏み込めば打突ができ、一歩退けば打突を避けられる、剣道において基本とされる間合いのことを「何の間合い」というでしょう？,一足一刀の間合い,
フィギュアスケートの競技会場などで、演技を終えた選手が採点発表を待つスペースのことを何というでしょう？,キス・アンド・クライ,
ボクシングで、上体を前に屈めてパンチをかわす技術を、水面に潜るある鳥に見立てて何というでしょう？,ダッキング,
｢蝶のように舞い、蜂のように刺す｣と形容されたボクシングスタイルで知られる、アメリカの伝説的ボクサーは誰でしょう？,モハメド・アリ,
つま先とかかとで足をハの字にし、正面を向いたまま横向きに移動する、ヒップホップダンスにおける基本的なステップを何というでしょう？,クラブステップ,
カーボン製フレームのカラフルな自転車が使用される、女子選手による競輪競走の愛称は何でしょう？,ガールズケイリン,
セッターがトスを上げると見せかけて直接相手コートにボールを落とす、バレーボールのプレーは何でしょう？,ツーアタック,
1950年代に活躍した「マジック・マジャール」とは、どこの国のサッカー代表チームの愛称でしょう？,ハンガリー,
ジンガという足のステップが特徴的な、ブラジルの格闘技は何でしょう？,カポエイラ,
達成した時の出費がかさむため専用の保険も存在する、ゴルフで１打目のボールが直接カップに入ることを何というでしょう？,ホールインワン,
ゴルフにおいて、規定打数より２打以上少ない打数でグリーンオンすることを何というでしょう？,パーオン,
得意技のウエスタン・ラリアットや、右手を掲げて「ウィー！」と叫ぶポーズでファンを沸かせた元プロレスラーは誰でしょう？,スタン・ハンセン,
バッターの目の前で浮き上がるような軌道を描く、ソフトボール特有の変化球を何というでしょう？,ライズボール,
バドミントンのダブルスで、守備に重点を置くため2人が横並びになる陣形のことを何というでしょう？,サイド・バイ・サイド,
ネット際に打たれたシャトルを相手のネット際に落とす、バドミントンのショットは何でしょう？,ヘアピン,
柔道において、相手の襟をつかむ手を「何手」というでしょう？,釣り手,そでを握る手は「引き手」
カーリングにおいて、不利とされる先攻チームが得点を挙げることを何というでしょう？,スチール,
優勝者が牛乳を飲む風習で知られる、毎年5月にアメリカで開催されるモータースポーツイベントは何でしょう？,インディ500,
スペシャルステージと呼ばれる区間のタイムを競い合う、一般の公道を用いて行う自動車競技は何でしょう？,ラリー,
高さ12m以上の壁に設定されたコースを6分間でどこまで登れるかを競う、スポーツクライミングの種目は何でしょう？,リード,"高さ15mの壁をどれだけ早く登れるかを競う→スピード
高さ4～5mの壁で登った課題の数を競う→ボルダリング"
80歳の老人として生まれ、年を取るにつれて若返る男の人生を描いた、ブラッド・ピット主演の映画は何でしょう？,『ベンジャミン・バトン数奇な人生』,
舞台用語で、幕が上がったときに役者が既に舞台上にいる状態のことを何というでしょう？,板付き,
安達祐実演じる主人公が「同情するなら金をくれ！」と言い放つシーンが話題を呼んだ、1994年放送のドラマは何でしょう？,『家なき子』,
「トレンド部」や「買い物の達人」といったコーナーが人気の、毎週土曜日にTBSで放送されるバラエティ番組は何でしょう？,『王様のブランチ』,
『ドレミの歌』や『私のお気に入り』といった劇中歌も有名な、トラップ家の家庭教師としてやってきた修道女を主人公とするミュージカル映画は何でしょう？,『サウンド・オブ・ミュージック』,
観客の反応をうかがうために、映画の内容や出演者に至るまで、いっさいの情報を公開せずに行う試写会のことを何というでしょう？,スニークプレビュー,
舞台用語で、食べ物など一度使うとなくなってしまう小道具を何というでしょう？,消え物,
ロバート・デニーロ主演の『レイジング・ブル』や『タクシードライバー』でメガホンを取った映画監督は誰でしょう？,マーティン・スコセッシ,
『山里亮太の不毛な議論』や『伊集院光（・ひかる）深夜の馬鹿力』といった番組が放送されている、TBSラジオの放送枠は何でしょう？,JUNK（ジャンク）,
破天荒な刑事・タカとユージを舘ひろしと柴田恭兵が演じた、日本テレビ系列のドラマは何でしょう？,『あぶない刑事（デカ）』,
通風口の風でマリリン・モンローの白いスカートがめくれるシーンが有名な、ビリー・ワイルダー監督の映画は何でしょう？,『七年目の浮気』,
近年ではアダム・ランバートをボーカルに迎えて活動している、『ボヘミアン・ラプソディ』などの曲で知られるバンドは何でしょう？,QUEEN,
演劇の公演において、1つの役に2人の俳優を用意し、上演ごとに適宜交代で演じることを何というでしょう？,ダブルキャスト,
シェイクスピアの『リア王』を下敷きに、家督相続に端を発する戦国時代の争いを描いた、黒澤明の映画は何でしょう？,『乱』,
赤ちゃんがお札を見ながら泳いでいるジャケット写真も有名な、ロックバンド・ニルヴァーナのアルバムは何でしょう？,『Nevermind』,
どのカメラの映像が放送や収録に使われているのかを示す、テレビカメラなどに取り付けられる表示灯を何というでしょう？,タリーランプ【○：タリーライト】,
K-POPのグループが新曲やアルバムを発表し、大々的にプロモーション活動を行うことを何というでしょう？,カムバック,
真実の口やスペイン広場などの観光地が広く知られるきっかけとなった、わがままな王女としがない新聞記者のロマンスを描いた映画は何でしょう？,『ローマの休日』,
舞台用語で、演者の立ち位置や道具の配置を示すために舞台上につけられる目印のことを何というでしょう？,バミリ,
英語では「boxoffice」などという、ある映画作品について、映画館に支払われた入場料の合計金額のことを何というでしょう？,興行収入,
映画『風と共に去りぬ』と『欲望という名の電車』で２度アカデミー主演女優賞に輝いた、イギリスの女優は誰でしょう？,ヴィヴィアン・リー,
1969年の8月15日から3日間にわたって開催された、アメリカの伝説的な音楽フェスは何でしょう？,ウッドストック・フェスティバル,
クイーンの伝説的なパフォーマンスは映画『ボヘミアン・ラプソディ』にも描かれた、1985年に行われたチャリティーコンサートは何でしょう？,ライブ・エイド,
修道院に匿われたクラブ歌手のデロリスが巻き起こす騒動を描いた、ウーピー・ゴールドバーグ主演の映画は何でしょう？,『天使にラブソングを・・・』,
特定のテーマに沿って曲を集めた音楽アルバムのことを、「収集」という意味の英語を使って「何アルバム」というでしょう？,コンピレーションアルバム,
劇場やホールの照明の中でも、客席を照らすものを何というでしょう？,客電（きゃくでん）,
私財を投じて多くのユダヤ人をナチスから救った実業家の姿を描いた、スティーブン・スピルバーグ監督の映画は何でしょう？,『シンドラーのリスト』,
戦後の広島で起きたヤクザたちの壮絶な抗争を描いた、1973年に公開された深作欣二（ふかさく・きんじ）監督の映画は何でしょう？,『仁義なき戦い』,
代表曲に『リヴィン・オン・ア・プレイヤー』や『イッツ・マイ・ライフ』があるアメリカのロックバンドは何でしょう？,ボン・ジョヴィ,
日本では松本白鸚（まつもと・はくおう）が半世紀以上にわたって主演を務めた、小説『ドン・キホーテ』をもとにしたミュージカルは何でしょう？,『ラ・マンチャの男』,
『東京だョおっ母さん』『人生いろいろ』などの代表曲がある、「お千代さん」の愛称で親しまれた演歌歌手は誰でしょう？,島倉千代子（しまくら・ちよこ）,
映画技師のアルフレードと少年・トトの心の交流を描く、ジュゼッペ・トルナトーレ監督の映画は何でしょう？,『ニュー・シネマ・パラダイス』,
ポテトサラダやアイスクリームなどの食品をすくい取り、半球型に盛りつける器具を何というでしょう？,ディッシャー,
シェルパのテンジン・ノルゲイと共に、人類初となるエベレスト登頂を成し遂げた、ニュージーランドの登山家は誰でしょう？,エドモンド・ヒラリー,
春の弘前城で見られるものが有名な、水面に散った桜の花びらが、連なって流れていくようすをいった言葉は何でしょう？,花筏（はないかだ）,
はしご乗りや一斉放水などが見どころの、毎年1月に消防の仕事始めとして行われる行事は何でしょう？,出初式（でぞめしき）,
「まず低く」「頭を守り」「動かない」の3つの手順で、地震の際の安全行動を身に着ける防災訓練を何というでしょう？,シェイクアウト,
動物園や水族館で行われる、普段は入れない施設の裏側を見学できるイベントを何というでしょう？,バックヤードツアー,
事件の関係者に容疑者の顔を見せ、犯人かどうかを確かめる犯罪捜査の手法を何というでしょう？,面通し（めんとおし）,
建物の顔としての役割をもつ、通りなどに面した建築物の正面部分のことを何というでしょう？,ファサード,
人事や経理のように、顧客に直接は関わらない企業の部署のことを英語で何というでしょう？,バックオフィス,
建物の耐震性を高めるために、柱と柱の間に斜めに取り付けられる部材を何というでしょう？,筋交い（すじかい）,
ロシアの女性が着用する、ジャンパースカートのような形をしたロシアの民族衣装は何でしょう？,サラファン,
痛みを和らげるべく「ヒッヒッフー」と呼吸する、フランスの産科医が編み出した出産の方法は何でしょう？,ラマーズ法,
金属などを加工しやすくするために、加熱してからゆっくり冷却してやわらかくする処理のことを何というでしょう？,焼きなまし,加熱してからすぐに→焼き入れ
物流において、最終拠点から顧客に受け渡すまでの最後の配送区間を何というでしょう？,ラストワンマイル,
「結論」「理由」「具体例」「結論」の順に論を展開する、プレゼンテーションなどで用いられる構成法は何でしょう？,PREP（プレップ）法,
路面からの振動を吸収する役割を持つ、車体とタイヤをつなぐ自動車の部品は何でしょう？,サスペンション,
暑さが本格化する前に適度に汗をかき、あらかじめ体を暑さに慣らしておく熱中症対策のことを漢字四文字で何というでしょう？,暑熱順化,
広い屋根裏の空間では養蚕（ようさん）業が営まれた、雨や雪を受け流す急勾配の三角屋根が特徴的な建築様式は何でしょう？,合掌造（がっしょうづくり）,
ガソリンなどの引火性液体の取り扱いが認められる、国家資格の「危険物取扱者」において最も受験者の多い区分は何でしょう？,乙４【○：乙種第４類】,
戦争や災害を生き残った人々が、犠牲者に対してもつ罪悪感のことを英語で何というでしょう？,サバイバーズ・ギルト,
社員個人ごとに座席を決めないオフィスのスタイルを、和製英語で何というでしょう？,フリーアドレス,
鉄道の線路の勾配を表す際などに用いられる、「千分率」を表す単位は何でしょう？,パーミル,
戦闘機同士が行う空中戦のことを、２匹の犬がお互いの尻尾を追いかける動きに見立てて何というでしょう？,ドッグファイト,
ある技術を世間に公開せず特許申請を行い、その技術が浸透してきた頃に突然成立させる特許を何というでしょう？,サブマリン特許,
化学では結晶に不純物を添加することを、スポーツでは薬剤で運動能力を高める不正を意味する英語は何でしょう？,ドーピング,
ロジカルシンキングの基本となる、物事を「漏れなく、だぶりなく」整理・分解するという考え方を何というでしょう？,MECE（ミーシー）,
定期的なお墓参りが難しい遺族に代わって、寺院や霊園がお墓の管理を行うことを何というでしょう？,永代供養（えいだいくよう）,お墓ではない身近な場所で遺骨を管理するのは「手元供養」
愛知県の渥美半島などで栽培されている、夜間に光を当てて開花の時期を遅らせた菊を何というでしょう？,電照菊,
運転免許を持ってはいるが、ほとんど運転する機会がない人のことを「何ドライバー」というでしょう？,ペーパードライバー,
元々お酒を飲める人が、「あえてお酒を飲まない」という選択を取るライフスタイルを何というでしょう？,ソバーキュリアス,
まずは先人の教えを守り、次に発展させ、最後に新たなものを生み出すという、修業の過程を示した言葉は何でしょう？,守破離（しゅはり）,
銃の先端に取り付けて発射音を軽減させる部品を英語で何というでしょう？,サイレンサー,
古くなった布団の綿を解きほぐし、再びフカフカな布団にすることを何というでしょう？,打ち直し,
カウンセリングで重要となる、セラピストとクライアントとの間の信頼関係のことを何というでしょう？,ラポール,
点字で日本語を表記する際にも行われる、言葉の区切りに空白を入れる書き方を何というでしょう？,分かち書き,
句読点などが行の初めに来ないようにするなどして文章を読みやすくする、ワープロソフトなどに備わっている機能は何でしょう？,禁則処理,
靴を履いたまま寝てもベッドが汚れないよう、ベッドのカバーの足元部分にかけられた布を何というでしょう？,ベッドスロー,
土地の所有者になりすまし、売却を持ちかけて多額の代金をだまし取る詐欺師のことを何というでしょう？,地面師,
バルーンアートを作る際に用いられる細長い風船のことを、ある文房具の名前を用いて何というでしょう？,ペンシルバルーン,
通信教育を受けている人が、一定の期間実際に通学して受ける授業のことを何というでしょう？,スクーリング,
火の気のある灰の中に水をこぼしたときに立ち上がる灰けむりのことを、特に何というでしょう？,灰神楽,
保険に加入したことで、かえって事故や病気への注意がおろそかになってしまうことを、英語で何というでしょう？,モラルハザード,
会議やシンポジウムの開催に際して行われる、基本方針について述べた講演を何というでしょう？,基調講演,
英字新聞などでよく用いられる、段落の先頭の文字を大きくするデザイン技法を何というでしょう？,ドロップキャップ,
ガスが充満した室内に新鮮な空気が流れ込むことで起こる、火災現場で見られる爆発現象は何でしょう？,バックドラフト,
かつて魚は眠らないと考えられていたことから、読経の時に打ち鳴らしてリズムを整える仏具を何というでしょう？,木魚,
ネットバンキングを利用する際などに入力が必要な、時間がたつと無効になり一度きりしか使えないパスワードを何というでしょう？,ワンタイムパスワード,
もともとは船の甲板の掃除に用いられていた、床の汚れを磨き落とすためのブラシの一種は何でしょう？,デッキブラシ,
役目を終えた蒸気機関車などを、運用可能な状態のまま保存しておくことを何というでしょう？,動態保存,
お寺や神社を専門に手がける大工のことを、特に「何大工」というでしょう？,宮大工,
タバコの有害物質が髪の毛や服、ソファなどに染み込み、火を消した後にそれらを吸入してしまうことを何というでしょう？,三次喫煙,
赤字に白で十字とハートをデザインした、外見からは分からないが配慮が必要なことを周囲に知らせるマークは何でしょう？,ヘルプマーク,
ショッピングセンターなどにおいて、音や光に敏感な人が過ごしやすいよう、音楽や照明を調整する時間のことを何というでしょう？,クワイエットアワー,
JR各社が春・夏・冬の3シーズンで販売する、JR全線の列車をお得に利用できる乗車券は何でしょう？,青春18きっぷ,
最寄り駅までは自家用車を使い、駅で公共交通機関に乗り換えて勤め先に行く通勤スタイルを何というでしょう？,パーク・アンド・ライド,
家族に車で最寄り駅まで送ってもらい、そこから電車に乗り換えて勤め先に向かう通勤スタイルを何というでしょう？,キス・アンド・ライド,
都市部の近くにある温泉地のことを、住居の奥の方にある部屋に例えて何というでしょう？,奥座敷,
スニーカーなどの立体物に柄をつけるときに行う、塗料を浮かせた水に物体をくぐらせて色を転写する方法を何というでしょう？,ハイドロディップ,
背中に並ぶ大きな板状の骨が特徴で、「屋根をもつトカゲ」という意味の名前をもつ、ジュラ紀後期に生息した草食恐竜は何でしょう？,ステゴサウルス,
赤ちゃんが大きな音などの刺激に反応し、両腕を広げて抱きつくようなしぐさをすることを「何反射」というでしょう？,モロー反射,
一度着陸体制に入った航空機が、安全に着陸できないと判断された際に機体を再度上昇させることを英語で何というでしょう？,ゴーアラウンド,
タクシーの営業方法で、車を走らせながら路上のお客に呼び止められるのを待つものを何というでしょう？,流し,
新品の土鍋を使い始める際、米のとぎ汁などを入れて煮ることで陶器の細かい穴を塞ぐ作業を何というでしょう？,目止め,